Survived,Pclass,SibSp,Parch,Fare,Gender,AgeFill,AgeIsNull,FamilySize,Age*Class,Title_Col,Title_Dr,Title_Lady,Title_Master,Title_Miss,Title_Mr,Title_Mrs,Title_Rev,Embarked_C,Embarked_Q,Embarked_S,Top_adulte,Mother
0,3,1,0,7.25,1,22.0,0,1,66.0,0.0,0.0,0.0,0.0,0.0,1.0,0.0,0.0,0.0,0.0,1.0,1,0
1,1,1,0,71.2833,0,38.0,0,1,38.0,0.0,0.0,0.0,0.0,0.0,0.0,1.0,0.0,1.0,0.0,0.0,1,0
1,3,0,0,7.925,0,26.0,0,0,78.0,0.0,0.0,0.0,0.0,1.0,0.0,0.0,0.0,0.0,0.0,1.0,1,0
1,1,1,0,53.1,0,35.0,0,1,35.0,0.0,0.0,0.0,0.0,0.0,0.0,1.0,0.0,0.0,0.0,1.0,1,0
0,3,0,0,8.05,1,35.0,0,0,105.0,0.0,0.0,0.0,0.0,0.0,1.0,0.0,0.0,0.0,0.0,1.0,1,0
0,3,0,0,8.4583,1,25.0,1,0,75.0,0.0,0.0,0.0,0.0,0.0,1.0,0.0,0.0,0.0,1.0,0.0,1,0
0,1,0,0,51.8625,1,54.0,0,0,54.0,0.0,0.0,0.0,0.0,0.0,1.0,0.0,0.0,0.0,0.0,1.0,1,0
0,3,3,1,21.075,1,2.0,0,4,6.0,0.0,0.0,0.0,1.0,0.0,0.0,0.0,0.0,0.0,0.0,1.0,0,0
1,3,0,2,11.1333,0,27.0,0,2,81.0,0.0,0.0,0.0,0.0,0.0,0.0,1.0,0.0,0.0,0.0,1.0,1,0
1,2,1,0,30.0708,0,14.0,0,1,28.0,0.0,0.0,0.0,0.0,0.0,0.0,1.0,0.0,1.0,0.0,0.0,0,0
1,3,1,1,16.7,0,4.0,0,2,12.0,0.0,0.0,0.0,0.0,1.0,0.0,0.0,0.0,0.0,0.0,1.0,0,0
1,1,0,0,26.55,0,58.0,0,0,58.0,0.0,0.0,0.0,0.0,1.0,0.0,0.0,0.0,0.0,0.0,1.0,1,0
0,3,0,0,8.05,1,20.0,0,0,60.0,0.0,0.0,0.0,0.0,0.0,1.0,0.0,0.0,0.0,0.0,1.0,1,0
0,3,1,5,31.275,1,39.0,0,6,117.0,0.0,0.0,0.0,0.0,0.0,1.0,0.0,0.0,0.0,0.0,1.0,1,0
0,3,0,0,7.8542,0,14.0,0,0,42.0,0.0,0.0,0.0,0.0,1.0,0.0,0.0,0.0,0.0,0.0,1.0,0,0
1,2,0,0,16.0,0,55.0,0,0,110.0,0.0,0.0,0.0,0.0,0.0,0.0,1.0,0.0,0.0,0.0,1.0,1,0
0,3,4,1,29.125,1,2.0,0,5,6.0,0.0,0.0,0.0,1.0,0.0,0.0,0.0,0.0,0.0,1.0,0.0,0,0
1,2,0,0,13.0,1,30.0,1,0,60.0,0.0,0.0,0.0,0.0,0.0,1.0,0.0,0.0,0.0,0.0,1.0,1,0
0,3,1,0,18.0,0,31.0,0,1,93.0,0.0,0.0,0.0,0.0,0.0,0.0,1.0,0.0,0.0,0.0,1.0,1,0
1,3,0,0,7.225,0,21.5,1,0,64.5,0.0,0.0,0.0,0.0,0.0,0.0,1.0,0.0,1.0,0.0,0.0,1,0
0,2,0,0,26.0,1,35.0,0,0,70.0,0.0,0.0,0.0,0.0,0.0,1.0,0.0,0.0,0.0,0.0,1.0,1,0
1,2,0,0,13.0,1,34.0,0,0,68.0,0.0,0.0,0.0,0.0,0.0,1.0,0.0,0.0,0.0,0.0,1.0,1,0
1,3,0,0,8.0292,0,15.0,0,0,45.0,0.0,0.0,0.0,0.0,1.0,0.0,0.0,0.0,0.0,1.0,0.0,0,0
1,1,0,0,35.5,1,28.0,0,0,28.0,0.0,0.0,0.0,0.0,0.0,1.0,0.0,0.0,0.0,0.0,1.0,1,0
0,3,3,1,21.075,0,8.0,0,4,24.0,0.0,0.0,0.0,0.0,1.0,0.0,0.0,0.0,0.0,0.0,1.0,0,0
1,3,1,5,31.3875,0,38.0,0,6,114.0,0.0,0.0,0.0,0.0,0.0,0.0,1.0,0.0,0.0,0.0,1.0,1,0
0,3,0,0,7.225,1,25.0,1,0,75.0,0.0,0.0,0.0,0.0,0.0,1.0,0.0,0.0,1.0,0.0,0.0,1,0
0,1,3,2,263.0,1,19.0,0,5,19.0,0.0,0.0,0.0,0.0,0.0,1.0,0.0,0.0,0.0,0.0,1.0,1,0
1,3,0,0,7.8792,0,21.5,1,0,64.5,0.0,0.0,0.0,0.0,1.0,0.0,0.0,0.0,0.0,1.0,0.0,1,0
0,3,0,0,7.8958,1,25.0,1,0,75.0,0.0,0.0,0.0,0.0,0.0,1.0,0.0,0.0,0.0,0.0,1.0,1,0
0,1,0,0,27.7208,1,40.0,0,0,40.0,0.0,0.0,0.0,1.0,0.0,0.0,0.0,0.0,1.0,0.0,0.0,1,0
1,1,1,0,146.5208,0,35.0,1,1,35.0,0.0,0.0,0.0,0.0,0.0,0.0,1.0,0.0,1.0,0.0,0.0,1,0
1,3,0,0,7.75,0,21.5,1,0,64.5,0.0,0.0,0.0,0.0,1.0,0.0,0.0,0.0,0.0,1.0,0.0,1,0
0,2,0,0,10.5,1,66.0,0,0,132.0,0.0,0.0,0.0,0.0,0.0,1.0,0.0,0.0,0.0,0.0,1.0,1,0
0,1,1,0,82.1708,1,28.0,0,1,28.0,0.0,0.0,0.0,0.0,0.0,1.0,0.0,0.0,1.0,0.0,0.0,1,0
0,1,1,0,52.0,1,42.0,0,1,42.0,0.0,0.0,0.0,0.0,0.0,1.0,0.0,0.0,0.0,0.0,1.0,1,0
1,3,0,0,7.2292,1,25.0,1,0,75.0,0.0,0.0,0.0,0.0,0.0,1.0,0.0,0.0,1.0,0.0,0.0,1,0
0,3,0,0,8.05,1,21.0,0,0,63.0,0.0,0.0,0.0,0.0,0.0,1.0,0.0,0.0,0.0,0.0,1.0,1,0
0,3,2,0,18.0,0,18.0,0,2,54.0,0.0,0.0,0.0,0.0,1.0,0.0,0.0,0.0,0.0,0.0,1.0,1,0
1,3,1,0,11.2417,0,14.0,0,1,42.0,0.0,0.0,0.0,0.0,1.0,0.0,0.0,0.0,1.0,0.0,0.0,0,0
0,3,1,0,9.475,0,40.0,0,1,120.0,0.0,0.0,0.0,0.0,0.0,0.0,1.0,0.0,0.0,0.0,1.0,1,0
0,2,1,0,21.0,0,27.0,0,1,54.0,0.0,0.0,0.0,0.0,0.0,0.0,1.0,0.0,0.0,0.0,1.0,1,0
0,3,0,0,7.8958,1,25.0,1,0,75.0,0.0,0.0,0.0,0.0,0.0,1.0,0.0,0.0,1.0,0.0,0.0,1,0
1,2,1,2,41.5792,0,3.0,0,3,6.0,0.0,0.0,0.0,0.0,1.0,0.0,0.0,0.0,1.0,0.0,0.0,0,0
1,3,0,0,7.8792,0,19.0,0,0,57.0,0.0,0.0,0.0,0.0,1.0,0.0,0.0,0.0,0.0,1.0,0.0,1,0
0,3,0,0,8.05,1,25.0,1,0,75.0,0.0,0.0,0.0,0.0,0.0,1.0,0.0,0.0,0.0,0.0,1.0,1,0
0,3,1,0,15.5,1,25.0,1,1,75.0,0.0,0.0,0.0,0.0,0.0,1.0,0.0,0.0,0.0,1.0,0.0,1,0
1,3,0,0,7.75,0,21.5,1,0,64.5,0.0,0.0,0.0,0.0,1.0,0.0,0.0,0.0,0.0,1.0,0.0,1,0
0,3,2,0,21.6792,1,25.0,1,2,75.0,0.0,0.0,0.0,0.0,0.0,1.0,0.0,0.0,1.0,0.0,0.0,1,0
0,3,1,0,17.8,0,18.0,0,1,54.0,0.0,0.0,0.0,0.0,0.0,0.0,1.0,0.0,0.0,0.0,1.0,1,0
0,3,4,1,39.6875,1,7.0,0,5,21.0,0.0,0.0,0.0,1.0,0.0,0.0,0.0,0.0,0.0,0.0,1.0,0,0
0,3,0,0,7.8,1,21.0,0,0,63.0,0.0,0.0,0.0,0.0,0.0,1.0,0.0,0.0,0.0,0.0,1.0,1,0
1,1,1,0,76.7292,0,49.0,0,1,49.0,0.0,0.0,0.0,0.0,0.0,0.0,1.0,0.0,1.0,0.0,0.0,1,0
1,2,1,0,26.0,0,29.0,0,1,58.0,0.0,0.0,0.0,0.0,0.0,0.0,1.0,0.0,0.0,0.0,1.0,1,0
0,1,0,1,61.9792,1,65.0,0,1,65.0,0.0,0.0,0.0,0.0,0.0,1.0,0.0,0.0,1.0,0.0,0.0,1,0
1,1,0,0,35.5,1,40.0,1,0,40.0,0.0,0.0,0.0,0.0,0.0,1.0,0.0,0.0,0.0,0.0,1.0,1,0
1,2,0,0,10.5,0,21.0,0,0,42.0,0.0,0.0,0.0,0.0,1.0,0.0,0.0,0.0,0.0,0.0,1.0,1,0
0,3,0,0,7.2292,1,28.5,0,0,85.5,0.0,0.0,0.0,0.0,0.0,1.0,0.0,0.0,1.0,0.0,0.0,1,0
1,2,1,2,27.75,0,5.0,0,3,10.0,0.0,0.0,0.0,0.0,1.0,0.0,0.0,0.0,0.0,0.0,1.0,0,0
0,3,5,2,46.9,1,11.0,0,7,33.0,0.0,0.0,0.0,1.0,0.0,0.0,0.0,0.0,0.0,0.0,1.0,0,0
0,3,0,0,7.2292,1,22.0,0,0,66.0,0.0,0.0,0.0,0.0,0.0,1.0,0.0,0.0,1.0,0.0,0.0,1,0
1,1,0,0,80.0,0,38.0,0,0,38.0,0.0,0.0,0.0,0.0,1.0,0.0,0.0,0.0,0.0,0.0,1.0,1,0
0,1,1,0,83.475,1,45.0,0,1,45.0,0.0,0.0,0.0,0.0,0.0,1.0,0.0,0.0,0.0,0.0,1.0,1,0
0,3,3,2,27.9,1,4.0,0,5,12.0,0.0,0.0,0.0,1.0,0.0,0.0,0.0,0.0,0.0,0.0,1.0,0,0
0,1,0,0,27.7208,1,40.0,1,0,40.0,0.0,0.0,0.0,0.0,0.0,1.0,0.0,0.0,1.0,0.0,0.0,1,0
1,3,1,1,15.2458,1,25.0,1,2,75.0,0.0,0.0,0.0,1.0,0.0,0.0,0.0,0.0,1.0,0.0,0.0,1,0
1,2,0,0,10.5,0,29.0,0,0,58.0,0.0,0.0,0.0,0.0,0.0,0.0,1.0,0.0,0.0,0.0,1.0,1,0
0,3,0,0,8.1583,1,19.0,0,0,57.0,0.0,0.0,0.0,0.0,0.0,1.0,0.0,0.0,0.0,0.0,1.0,1,0
1,3,4,2,7.925,0,17.0,0,6,51.0,0.0,0.0,0.0,0.0,1.0,0.0,0.0,0.0,0.0,0.0,1.0,0,0
0,3,2,0,8.6625,1,26.0,0,2,78.0,0.0,0.0,0.0,0.0,0.0,1.0,0.0,0.0,0.0,0.0,1.0,1,0
0,2,0,0,10.5,1,32.0,0,0,64.0,0.0,0.0,0.0,0.0,0.0,1.0,0.0,0.0,0.0,0.0,1.0,1,0
0,3,5,2,46.9,0,16.0,0,7,48.0,0.0,0.0,0.0,0.0,1.0,0.0,0.0,0.0,0.0,0.0,1.0,0,0
0,2,0,0,73.5,1,21.0,0,0,42.0,0.0,0.0,0.0,0.0,0.0,1.0,0.0,0.0,0.0,0.0,1.0,1,0
0,3,1,0,14.4542,1,26.0,0,1,78.0,0.0,0.0,0.0,0.0,0.0,1.0,0.0,0.0,1.0,0.0,0.0,1,0
1,3,0,0,56.4958,1,32.0,0,0,96.0,0.0,0.0,0.0,0.0,0.0,1.0,0.0,0.0,0.0,0.0,1.0,1,0
0,3,0,0,7.65,1,25.0,0,0,75.0,0.0,0.0,0.0,0.0,0.0,1.0,0.0,0.0,0.0,0.0,1.0,1,0
0,3,0,0,7.8958,1,25.0,1,0,75.0,0.0,0.0,0.0,0.0,0.0,1.0,0.0,0.0,0.0,0.0,1.0,1,0
0,3,0,0,8.05,1,25.0,1,0,75.0,0.0,0.0,0.0,0.0,0.0,1.0,0.0,0.0,0.0,0.0,1.0,1,0
1,2,0,2,29.0,1,0.83,0,2,1.66,0.0,0.0,0.0,1.0,0.0,0.0,0.0,0.0,0.0,0.0,1.0,0,0
1,3,0,0,12.475,0,30.0,0,0,90.0,0.0,0.0,0.0,0.0,1.0,0.0,0.0,0.0,0.0,0.0,1.0,1,0
0,3,0,0,9.0,1,22.0,0,0,66.0,0.0,0.0,0.0,0.0,0.0,1.0,0.0,0.0,0.0,0.0,1.0,1,0
1,3,0,0,9.5,1,29.0,0,0,87.0,0.0,0.0,0.0,0.0,0.0,1.0,0.0,0.0,0.0,0.0,1.0,1,0
1,3,0,0,7.7875,0,21.5,1,0,64.5,0.0,0.0,0.0,0.0,1.0,0.0,0.0,0.0,0.0,1.0,0.0,1,0
0,1,0,0,47.1,1,28.0,0,0,28.0,0.0,0.0,0.0,0.0,0.0,1.0,0.0,0.0,0.0,0.0,1.0,1,0
1,2,0,0,10.5,0,17.0,0,0,34.0,0.0,0.0,0.0,0.0,1.0,0.0,0.0,0.0,0.0,0.0,1.0,0,0
1,3,3,0,15.85,0,33.0,0,3,99.0,0.0,0.0,0.0,0.0,0.0,0.0,1.0,0.0,0.0,0.0,1.0,1,0
0,3,1,3,34.375,1,16.0,0,4,48.0,0.0,0.0,0.0,0.0,0.0,1.0,0.0,0.0,0.0,0.0,1.0,0,0
0,3,0,0,8.05,1,25.0,1,0,75.0,0.0,0.0,0.0,0.0,0.0,1.0,0.0,0.0,0.0,0.0,1.0,1,0
1,1,3,2,263.0,0,23.0,0,5,23.0,0.0,0.0,0.0,0.0,1.0,0.0,0.0,0.0,0.0,0.0,1.0,1,1
0,3,0,0,8.05,1,24.0,0,0,72.0,0.0,0.0,0.0,0.0,0.0,1.0,0.0,0.0,0.0,0.0,1.0,1,0
0,3,0,0,8.05,1,29.0,0,0,87.0,0.0,0.0,0.0,0.0,0.0,1.0,0.0,0.0,0.0,0.0,1.0,1,0
0,3,0,0,7.8542,1,20.0,0,0,60.0,0.0,0.0,0.0,0.0,0.0,1.0,0.0,0.0,0.0,0.0,1.0,1,0
0,1,1,0,61.175,1,46.0,0,1,46.0,0.0,0.0,0.0,0.0,0.0,1.0,0.0,0.0,0.0,0.0,1.0,1,0
0,3,1,2,20.575,1,26.0,0,3,78.0,0.0,0.0,0.0,0.0,0.0,1.0,0.0,0.0,0.0,0.0,1.0,1,0
0,3,0,0,7.25,1,59.0,0,0,177.0,0.0,0.0,0.0,0.0,0.0,1.0,0.0,0.0,0.0,0.0,1.0,1,0
0,3,0,0,8.05,1,25.0,1,0,75.0,0.0,0.0,0.0,0.0,0.0,1.0,0.0,0.0,0.0,0.0,1.0,1,0
0,1,0,0,34.6542,1,71.0,0,0,71.0,0.0,0.0,0.0,0.0,0.0,1.0,0.0,0.0,1.0,0.0,0.0,1,0
1,1,0,1,63.3583,1,23.0,0,1,23.0,0.0,0.0,0.0,0.0,0.0,1.0,0.0,0.0,1.0,0.0,0.0,1,0
1,2,0,1,23.0,0,34.0,0,1,68.0,0.0,0.0,0.0,0.0,0.0,0.0,1.0,0.0,0.0,0.0,1.0,1,0
0,2,1,0,26.0,1,34.0,0,1,68.0,0.0,0.0,0.0,0.0,0.0,1.0,0.0,0.0,0.0,0.0,1.0,1,0
0,3,0,0,7.8958,0,28.0,0,0,84.0,0.0,0.0,0.0,0.0,1.0,0.0,0.0,0.0,0.0,0.0,1.0,1,0
0,3,0,0,7.8958,1,25.0,1,0,75.0,0.0,0.0,0.0,0.0,0.0,1.0,0.0,0.0,0.0,0.0,1.0,1,0
0,1,0,1,77.2875,1,21.0,0,1,21.0,0.0,0.0,0.0,0.0,0.0,1.0,0.0,0.0,0.0,0.0,1.0,1,0
0,3,0,0,8.6542,1,33.0,0,0,99.0,0.0,0.0,0.0,0.0,0.0,1.0,0.0,0.0,0.0,0.0,1.0,1,0
0,3,2,0,7.925,1,37.0,0,2,111.0,0.0,0.0,0.0,0.0,0.0,1.0,0.0,0.0,0.0,0.0,1.0,1,0
0,3,0,0,7.8958,1,28.0,0,0,84.0,0.0,0.0,0.0,0.0,0.0,1.0,0.0,0.0,0.0,0.0,1.0,1,0
1,3,0,0,7.65,0,21.0,0,0,63.0,0.0,0.0,0.0,0.0,1.0,0.0,0.0,0.0,0.0,0.0,1.0,1,0
1,3,0,0,7.775,1,25.0,1,0,75.0,0.0,0.0,0.0,0.0,0.0,1.0,0.0,0.0,0.0,0.0,1.0,1,0
0,3,0,0,7.8958,1,38.0,0,0,114.0,0.0,0.0,0.0,0.0,0.0,1.0,0.0,0.0,0.0,0.0,1.0,1,0
1,3,1,0,24.15,0,21.5,1,1,64.5,0.0,0.0,0.0,0.0,1.0,0.0,0.0,0.0,0.0,1.0,0.0,1,0
0,1,0,0,52.0,1,47.0,0,0,47.0,0.0,0.0,0.0,0.0,0.0,1.0,0.0,0.0,0.0,0.0,1.0,1,0
0,3,1,0,14.4542,0,14.5,0,1,43.5,0.0,0.0,0.0,0.0,1.0,0.0,0.0,0.0,1.0,0.0,0.0,0,0
0,3,0,0,8.05,1,22.0,0,0,66.0,0.0,0.0,0.0,0.0,0.0,1.0,0.0,0.0,0.0,0.0,1.0,1,0
0,3,1,0,9.825,0,20.0,0,1,60.0,0.0,0.0,0.0,0.0,1.0,0.0,0.0,0.0,0.0,0.0,1.0,1,0
0,3,0,0,14.4583,0,17.0,0,0,51.0,0.0,0.0,0.0,0.0,1.0,0.0,0.0,0.0,1.0,0.0,0.0,0,0
0,3,0,0,7.925,1,21.0,0,0,63.0,0.0,0.0,0.0,0.0,0.0,1.0,0.0,0.0,0.0,0.0,1.0,1,0
0,3,0,0,7.75,1,70.5,0,0,211.5,0.0,0.0,0.0,0.0,0.0,1.0,0.0,0.0,0.0,1.0,0.0,1,0
0,2,1,0,21.0,1,29.0,0,1,58.0,0.0,0.0,0.0,0.0,0.0,1.0,0.0,0.0,0.0,0.0,1.0,1,0
0,1,0,1,247.5208,1,24.0,0,1,24.0,0.0,0.0,0.0,0.0,0.0,1.0,0.0,0.0,1.0,0.0,0.0,1,0
0,3,4,2,31.275,0,2.0,0,6,6.0,0.0,0.0,0.0,0.0,1.0,0.0,0.0,0.0,0.0,0.0,1.0,0,0
0,2,2,0,73.5,1,21.0,0,2,42.0,0.0,0.0,0.0,0.0,0.0,1.0,0.0,0.0,0.0,0.0,1.0,1,0
0,3,0,0,8.05,1,25.0,1,0,75.0,0.0,0.0,0.0,0.0,0.0,1.0,0.0,0.0,0.0,0.0,1.0,1,0
0,2,1,0,30.0708,1,32.5,0,1,65.0,0.0,0.0,0.0,0.0,0.0,1.0,0.0,0.0,1.0,0.0,0.0,1,0
1,2,0,0,13.0,0,32.5,0,0,65.0,0.0,0.0,0.0,0.0,1.0,0.0,0.0,0.0,0.0,0.0,1.0,1,0
0,1,0,1,77.2875,1,54.0,0,1,54.0,0.0,0.0,0.0,0.0,0.0,1.0,0.0,0.0,0.0,0.0,1.0,1,0
1,3,1,0,11.2417,1,12.0,0,1,36.0,0.0,0.0,0.0,1.0,0.0,0.0,0.0,0.0,1.0,0.0,0.0,0,0
0,3,0,0,7.75,1,25.0,1,0,75.0,0.0,0.0,0.0,0.0,0.0,1.0,0.0,0.0,0.0,1.0,0.0,1,0
1,3,0,0,7.1417,1,24.0,0,0,72.0,0.0,0.0,0.0,0.0,0.0,1.0,0.0,0.0,0.0,0.0,1.0,1,0
1,3,1,1,22.3583,0,21.5,1,2,64.5,0.0,0.0,0.0,0.0,1.0,0.0,0.0,0.0,1.0,0.0,0.0,1,1
0,3,0,0,6.975,1,45.0,0,0,135.0,0.0,0.0,0.0,0.0,0.0,1.0,0.0,0.0,0.0,0.0,1.0,1,0
0,3,0,0,7.8958,1,33.0,0,0,99.0,0.0,0.0,0.0,0.0,0.0,1.0,0.0,0.0,1.0,0.0,0.0,1,0
0,3,0,0,7.05,1,20.0,0,0,60.0,0.0,0.0,0.0,0.0,0.0,1.0,0.0,0.0,0.0,0.0,1.0,1,0
0,3,1,0,14.5,0,47.0,0,1,141.0,0.0,0.0,0.0,0.0,0.0,0.0,1.0,0.0,0.0,0.0,1.0,1,0
1,2,1,0,26.0,0,29.0,0,1,58.0,0.0,0.0,0.0,0.0,0.0,0.0,1.0,0.0,0.0,0.0,1.0,1,0
0,2,0,0,13.0,1,25.0,0,0,50.0,0.0,0.0,0.0,0.0,0.0,1.0,0.0,0.0,0.0,0.0,1.0,1,0
0,2,0,0,15.0458,1,23.0,0,0,46.0,0.0,0.0,0.0,0.0,0.0,1.0,0.0,0.0,1.0,0.0,0.0,1,0
1,1,0,2,26.2833,0,19.0,0,2,19.0,0.0,0.0,0.0,0.0,1.0,0.0,0.0,0.0,0.0,0.0,1.0,1,1
0,1,1,0,53.1,1,37.0,0,1,37.0,0.0,0.0,0.0,0.0,0.0,1.0,0.0,0.0,0.0,0.0,1.0,1,0
0,3,0,0,9.2167,1,16.0,0,0,48.0,0.0,0.0,0.0,0.0,0.0,1.0,0.0,0.0,0.0,0.0,1.0,0,0
0,1,0,0,79.2,1,24.0,0,0,24.0,0.0,0.0,0.0,0.0,0.0,1.0,0.0,0.0,1.0,0.0,0.0,1,0
0,3,0,2,15.2458,0,21.5,1,2,64.5,0.0,0.0,0.0,0.0,0.0,0.0,1.0,0.0,1.0,0.0,0.0,1,0
1,3,0,0,7.75,0,22.0,0,0,66.0,0.0,0.0,0.0,0.0,1.0,0.0,0.0,0.0,0.0,0.0,1.0,1,0
1,3,1,0,15.85,0,24.0,0,1,72.0,0.0,0.0,0.0,0.0,0.0,0.0,1.0,0.0,0.0,0.0,1.0,1,0
0,3,0,0,6.75,1,19.0,0,0,57.0,0.0,0.0,0.0,0.0,0.0,1.0,0.0,0.0,0.0,1.0,0.0,1,0
0,2,0,0,11.5,1,18.0,0,0,36.0,0.0,0.0,0.0,0.0,0.0,1.0,0.0,0.0,0.0,0.0,1.0,1,0
0,2,1,1,36.75,1,19.0,0,2,38.0,0.0,0.0,0.0,0.0,0.0,1.0,0.0,0.0,0.0,0.0,1.0,1,0
1,3,0,0,7.7958,1,27.0,0,0,81.0,0.0,0.0,0.0,0.0,0.0,1.0,0.0,0.0,0.0,0.0,1.0,1,0
0,3,2,2,34.375,0,9.0,0,4,27.0,0.0,0.0,0.0,0.0,1.0,0.0,0.0,0.0,0.0,0.0,1.0,0,0
0,2,0,2,26.0,1,36.5,0,2,73.0,0.0,0.0,0.0,0.0,0.0,1.0,0.0,0.0,0.0,0.0,1.0,1,0
0,2,0,0,13.0,1,42.0,0,0,84.0,0.0,0.0,0.0,0.0,0.0,0.0,0.0,1.0,0.0,0.0,1.0,1,0
0,2,0,0,12.525,1,51.0,0,0,102.0,0.0,0.0,0.0,0.0,0.0,0.0,0.0,1.0,0.0,0.0,1.0,1,0
1,1,1,0,66.6,0,22.0,0,1,22.0,0.0,0.0,0.0,0.0,0.0,0.0,1.0,0.0,0.0,0.0,1.0,1,0
0,3,0,0,8.05,1,55.5,0,0,166.5,0.0,0.0,0.0,0.0,0.0,1.0,0.0,0.0,0.0,0.0,1.0,1,0
0,3,0,2,14.5,1,40.5,0,2,121.5,0.0,0.0,0.0,0.0,0.0,1.0,0.0,0.0,0.0,0.0,1.0,1,0
0,3,0,0,7.3125,1,25.0,1,0,75.0,0.0,0.0,0.0,0.0,0.0,1.0,0.0,0.0,0.0,0.0,1.0,1,0
0,1,0,1,61.3792,1,51.0,0,1,51.0,0.0,0.0,0.0,0.0,0.0,1.0,0.0,0.0,1.0,0.0,0.0,1,0
1,3,0,0,7.7333,0,16.0,0,0,48.0,0.0,0.0,0.0,0.0,1.0,0.0,0.0,0.0,0.0,1.0,0.0,0,0
0,3,0,0,8.05,1,30.0,0,0,90.0,0.0,0.0,0.0,0.0,0.0,1.0,0.0,0.0,0.0,0.0,1.0,1,0
0,3,0,0,8.6625,1,25.0,1,0,75.0,0.0,0.0,0.0,0.0,0.0,1.0,0.0,0.0,0.0,0.0,1.0,1,0
0,3,8,2,69.55,1,25.0,1,10,75.0,0.0,0.0,0.0,1.0,0.0,0.0,0.0,0.0,0.0,0.0,1.0,1,0
0,3,0,1,16.1,1,44.0,0,1,132.0,0.0,0.0,0.0,0.0,0.0,1.0,0.0,0.0,0.0,0.0,1.0,1,0
1,2,0,0,15.75,0,40.0,0,0,80.0,0.0,0.0,0.0,0.0,0.0,0.0,1.0,0.0,0.0,0.0,1.0,1,0
0,3,0,0,7.775,1,26.0,0,0,78.0,0.0,0.0,0.0,0.0,0.0,1.0,0.0,0.0,0.0,0.0,1.0,1,0
0,3,0,0,8.6625,1,17.0,0,0,51.0,0.0,0.0,0.0,0.0,0.0,1.0,0.0,0.0,0.0,0.0,1.0,0,0
0,3,4,1,39.6875,1,1.0,0,5,3.0,0.0,0.0,0.0,1.0,0.0,0.0,0.0,0.0,0.0,0.0,1.0,0,0
1,3,0,2,20.525,1,9.0,0,2,27.0,0.0,0.0,0.0,1.0,0.0,0.0,0.0,0.0,0.0,0.0,1.0,0,0
1,1,0,1,55.0,0,35.0,1,1,35.0,0.0,0.0,0.0,0.0,0.0,0.0,1.0,0.0,0.0,0.0,1.0,1,0
0,3,1,4,27.9,0,45.0,0,5,135.0,0.0,0.0,0.0,0.0,0.0,0.0,1.0,0.0,0.0,0.0,1.0,1,0
0,1,0,0,25.925,1,40.0,1,0,40.0,0.0,0.0,0.0,0.0,0.0,1.0,0.0,0.0,0.0,0.0,1.0,1,0
0,3,0,0,56.4958,1,28.0,0,0,84.0,0.0,0.0,0.0,0.0,0.0,1.0,0.0,0.0,0.0,0.0,1.0,1,0
0,1,0,0,33.5,1,61.0,0,0,61.0,0.0,0.0,0.0,0.0,0.0,1.0,0.0,0.0,0.0,0.0,1.0,1,0
0,3,4,1,29.125,1,4.0,0,5,12.0,0.0,0.0,0.0,1.0,0.0,0.0,0.0,0.0,0.0,1.0,0.0,0,0
1,3,1,1,11.1333,0,1.0,0,2,3.0,0.0,0.0,0.0,0.0,1.0,0.0,0.0,0.0,0.0,0.0,1.0,0,0
0,3,0,0,7.925,1,21.0,0,0,63.0,0.0,0.0,0.0,0.0,0.0,1.0,0.0,0.0,0.0,0.0,1.0,1,0
0,1,0,0,30.6958,1,56.0,0,0,56.0,0.0,0.0,0.0,0.0,0.0,1.0,0.0,0.0,1.0,0.0,0.0,1,0
0,3,1,1,7.8542,1,18.0,0,2,54.0,0.0,0.0,0.0,0.0,0.0,1.0,0.0,0.0,0.0,0.0,1.0,1,0
0,3,3,1,25.4667,1,25.0,1,4,75.0,0.0,0.0,0.0,1.0,0.0,0.0,0.0,0.0,0.0,0.0,1.0,1,0
0,1,0,0,28.7125,0,50.0,0,0,50.0,0.0,0.0,0.0,0.0,1.0,0.0,0.0,0.0,1.0,0.0,0.0,1,0
0,2,0,0,13.0,1,30.0,0,0,60.0,0.0,0.0,0.0,0.0,0.0,1.0,0.0,0.0,0.0,0.0,1.0,1,0
0,3,0,0,0.0,1,36.0,0,0,108.0,0.0,0.0,0.0,0.0,0.0,1.0,0.0,0.0,0.0,0.0,1.0,1,0
0,3,8,2,69.55,0,21.5,1,10,64.5,0.0,0.0,0.0,0.0,1.0,0.0,0.0,0.0,0.0,0.0,1.0,1,1
0,2,0,0,15.05,1,30.0,1,0,60.0,0.0,0.0,0.0,0.0,0.0,1.0,0.0,0.0,1.0,0.0,0.0,1,0
0,3,4,2,31.3875,1,9.0,0,6,27.0,0.0,0.0,0.0,1.0,0.0,0.0,0.0,0.0,0.0,0.0,1.0,0,0
1,2,2,1,39.0,1,1.0,0,3,2.0,0.0,0.0,0.0,1.0,0.0,0.0,0.0,0.0,0.0,0.0,1.0,0,0
1,3,0,2,22.025,0,4.0,0,2,12.0,0.0,0.0,0.0,0.0,1.0,0.0,0.0,0.0,0.0,0.0,1.0,0,0
0,1,0,0,50.0,1,40.0,1,0,40.0,0.0,0.0,0.0,0.0,0.0,1.0,0.0,0.0,0.0,0.0,1.0,1,0
1,3,1,0,15.5,0,21.5,1,1,64.5,0.0,0.0,0.0,0.0,0.0,0.0,1.0,0.0,0.0,1.0,0.0,1,0
1,1,0,0,26.55,1,45.0,0,0,45.0,0.0,0.0,0.0,0.0,0.0,1.0,0.0,0.0,0.0,0.0,1.0,1,0
0,3,1,1,15.5,1,40.0,0,2,120.0,0.0,0.0,0.0,0.0,0.0,1.0,0.0,0.0,0.0,1.0,0.0,1,0
0,3,0,0,7.8958,1,36.0,0,0,108.0,0.0,0.0,0.0,0.0,0.0,1.0,0.0,0.0,0.0,0.0,1.0,1,0
1,2,0,0,13.0,0,32.0,0,0,64.0,0.0,0.0,0.0,0.0,0.0,0.0,1.0,0.0,0.0,0.0,1.0,1,0
0,2,0,0,13.0,1,19.0,0,0,38.0,0.0,0.0,0.0,0.0,0.0,1.0,0.0,0.0,0.0,0.0,1.0,1,0
1,3,1,0,7.8542,0,19.0,0,1,57.0,0.0,0.0,0.0,0.0,1.0,0.0,0.0,0.0,0.0,0.0,1.0,1,0
1,2,1,1,26.0,1,3.0,0,2,6.0,0.0,0.0,0.0,1.0,0.0,0.0,0.0,0.0,0.0,0.0,1.0,0,0
1,1,0,0,27.7208,0,44.0,0,0,44.0,0.0,0.0,0.0,0.0,0.0,0.0,1.0,0.0,1.0,0.0,0.0,1,0
1,1,0,0,146.5208,0,58.0,0,0,58.0,0.0,0.0,0.0,0.0,1.0,0.0,0.0,0.0,1.0,0.0,0.0,1,0
0,3,0,0,7.75,1,25.0,1,0,75.0,0.0,0.0,0.0,0.0,0.0,1.0,0.0,0.0,0.0,1.0,0.0,1,0
0,3,0,1,8.4042,1,42.0,0,1,126.0,0.0,0.0,0.0,0.0,0.0,1.0,0.0,0.0,0.0,0.0,1.0,1,0
1,3,0,0,7.75,0,21.5,1,0,64.5,0.0,0.0,0.0,0.0,1.0,0.0,0.0,0.0,0.0,1.0,0.0,1,0
0,2,0,0,13.0,0,24.0,0,0,48.0,0.0,0.0,0.0,0.0,1.0,0.0,0.0,0.0,0.0,0.0,1.0,1,0
0,3,0,0,9.5,1,28.0,0,0,84.0,0.0,0.0,0.0,0.0,0.0,1.0,0.0,0.0,0.0,0.0,1.0,1,0
0,3,8,2,69.55,1,25.0,1,10,75.0,0.0,0.0,0.0,0.0,0.0,1.0,0.0,0.0,0.0,0.0,1.0,1,0
0,3,0,0,6.4958,1,34.0,0,0,102.0,0.0,0.0,0.0,0.0,0.0,1.0,0.0,0.0,0.0,0.0,1.0,1,0
0,3,0,0,7.225,1,45.5,0,0,136.5,0.0,0.0,0.0,0.0,0.0,1.0,0.0,0.0,1.0,0.0,0.0,1,0
1,3,0,0,8.05,1,18.0,0,0,54.0,0.0,0.0,0.0,0.0,0.0,1.0,0.0,0.0,0.0,0.0,1.0,1,0
0,3,0,1,10.4625,0,2.0,0,1,6.0,0.0,0.0,0.0,0.0,1.0,0.0,0.0,0.0,0.0,0.0,1.0,0,0
0,3,1,0,15.85,1,32.0,0,1,96.0,0.0,0.0,0.0,0.0,0.0,1.0,0.0,0.0,0.0,0.0,1.0,1,0
1,3,0,0,18.7875,1,26.0,0,0,78.0,0.0,0.0,0.0,0.0,0.0,1.0,0.0,0.0,1.0,0.0,0.0,1,0
1,3,0,0,7.75,0,16.0,0,0,48.0,0.0,0.0,0.0,0.0,1.0,0.0,0.0,0.0,0.0,1.0,0.0,0,0
1,1,0,0,31.0,1,40.0,0,0,40.0,0.0,0.0,0.0,0.0,0.0,1.0,0.0,0.0,1.0,0.0,0.0,1,0
0,3,0,0,7.05,1,24.0,0,0,72.0,0.0,0.0,0.0,0.0,0.0,1.0,0.0,0.0,0.0,0.0,1.0,1,0
1,2,0,0,21.0,0,35.0,0,0,70.0,0.0,0.0,0.0,0.0,1.0,0.0,0.0,0.0,0.0,0.0,1.0,1,0
0,3,0,0,7.25,1,22.0,0,0,66.0,0.0,0.0,0.0,0.0,0.0,1.0,0.0,0.0,0.0,0.0,1.0,1,0
0,2,0,0,13.0,1,30.0,0,0,60.0,0.0,0.0,0.0,0.0,0.0,1.0,0.0,0.0,0.0,0.0,1.0,1,0
0,3,1,0,7.75,1,25.0,1,1,75.0,0.0,0.0,0.0,0.0,0.0,1.0,0.0,0.0,0.0,1.0,0.0,1,0
1,1,1,0,113.275,0,31.0,0,1,31.0,0.0,0.0,0.0,0.0,1.0,0.0,0.0,0.0,1.0,0.0,0.0,1,0
1,3,0,0,7.925,0,27.0,0,0,81.0,0.0,0.0,0.0,0.0,1.0,0.0,0.0,0.0,0.0,0.0,1.0,1,0
0,2,1,0,27.0,1,42.0,0,1,84.0,0.0,0.0,0.0,0.0,0.0,1.0,0.0,0.0,0.0,0.0,1.0,1,0
1,1,0,0,76.2917,0,32.0,0,0,32.0,0.0,0.0,0.0,0.0,1.0,0.0,0.0,0.0,1.0,0.0,0.0,1,0
0,2,0,0,10.5,1,30.0,0,0,60.0,0.0,0.0,0.0,0.0,0.0,1.0,0.0,0.0,0.0,0.0,1.0,1,0
1,3,0,0,8.05,1,16.0,0,0,48.0,0.0,0.0,0.0,0.0,0.0,1.0,0.0,0.0,0.0,0.0,1.0,0,0
0,2,0,0,13.0,1,27.0,0,0,54.0,0.0,0.0,0.0,0.0,0.0,1.0,0.0,0.0,0.0,0.0,1.0,1,0
0,3,0,0,8.05,1,51.0,0,0,153.0,0.0,0.0,0.0,0.0,0.0,1.0,0.0,0.0,0.0,0.0,1.0,1,0
0,3,0,0,7.8958,1,25.0,1,0,75.0,0.0,0.0,0.0,0.0,0.0,1.0,0.0,0.0,0.0,0.0,1.0,1,0
1,1,1,0,90.0,1,38.0,0,1,38.0,0.0,0.0,0.0,0.0,0.0,1.0,0.0,0.0,0.0,0.0,1.0,1,0
0,3,0,0,9.35,1,22.0,0,0,66.0,0.0,0.0,0.0,0.0,0.0,1.0,0.0,0.0,0.0,0.0,1.0,1,0
1,2,0,0,10.5,1,19.0,0,0,38.0,0.0,0.0,0.0,0.0,0.0,1.0,0.0,0.0,0.0,0.0,1.0,1,0
0,3,0,0,7.25,1,20.5,0,0,61.5,0.0,0.0,0.0,0.0,0.0,1.0,0.0,0.0,0.0,0.0,1.0,1,0
0,2,0,0,13.0,1,18.0,0,0,36.0,0.0,0.0,0.0,0.0,0.0,1.0,0.0,0.0,0.0,0.0,1.0,1,0
0,3,3,1,25.4667,0,21.5,1,4,64.5,0.0,0.0,0.0,0.0,1.0,0.0,0.0,0.0,0.0,0.0,1.0,1,1
1,1,1,0,83.475,0,35.0,0,1,35.0,0.0,0.0,0.0,0.0,0.0,0.0,1.0,0.0,0.0,0.0,1.0,1,0
0,3,0,0,7.775,1,29.0,0,0,87.0,0.0,0.0,0.0,0.0,0.0,1.0,0.0,0.0,0.0,0.0,1.0,1,0
0,2,0,0,13.5,1,59.0,0,0,118.0,0.0,0.0,0.0,0.0,0.0,1.0,0.0,0.0,0.0,0.0,1.0,1,0
1,3,4,2,31.3875,0,5.0,0,6,15.0,0.0,0.0,0.0,0.0,1.0,0.0,0.0,0.0,0.0,0.0,1.0,0,0
0,2,0,0,10.5,1,24.0,0,0,48.0,0.0,0.0,0.0,0.0,0.0,1.0,0.0,0.0,0.0,0.0,1.0,1,0
0,3,0,0,7.55,0,21.5,1,0,64.5,0.0,0.0,0.0,0.0,1.0,0.0,0.0,0.0,0.0,0.0,1.0,1,0
0,2,1,0,26.0,1,44.0,0,1,88.0,0.0,0.0,0.0,0.0,0.0,1.0,0.0,0.0,0.0,0.0,1.0,1,0
1,2,0,2,26.25,0,8.0,0,2,16.0,0.0,0.0,0.0,0.0,1.0,0.0,0.0,0.0,0.0,0.0,1.0,0,0
0,2,0,0,10.5,1,19.0,0,0,38.0,0.0,0.0,0.0,0.0,0.0,1.0,0.0,0.0,0.0,0.0,1.0,1,0
0,2,0,0,12.275,1,33.0,0,0,66.0,0.0,0.0,0.0,0.0,0.0,1.0,0.0,0.0,0.0,0.0,1.0,1,0
0,3,1,0,14.4542,0,21.5,1,1,64.5,0.0,0.0,0.0,0.0,1.0,0.0,0.0,0.0,1.0,0.0,0.0,1,0
1,3,1,0,15.5,0,21.5,1,1,64.5,0.0,0.0,0.0,0.0,1.0,0.0,0.0,0.0,0.0,1.0,0.0,1,0
0,2,0,0,10.5,1,29.0,0,0,58.0,0.0,0.0,0.0,0.0,0.0,1.0,0.0,0.0,0.0,0.0,1.0,1,0
0,3,0,0,7.125,1,22.0,0,0,66.0,0.0,0.0,0.0,0.0,0.0,1.0,0.0,0.0,0.0,0.0,1.0,1,0
0,3,0,0,7.225,1,30.0,0,0,90.0,0.0,0.0,0.0,0.0,0.0,1.0,0.0,0.0,1.0,0.0,0.0,1,0
0,1,2,0,90.0,1,44.0,0,2,44.0,0.0,1.0,0.0,0.0,0.0,0.0,0.0,0.0,0.0,1.0,0.0,1,0
0,3,0,0,7.775,0,25.0,0,0,75.0,0.0,0.0,0.0,0.0,1.0,0.0,0.0,0.0,0.0,0.0,1.0,1,0
1,2,0,2,14.5,0,24.0,0,2,48.0,0.0,0.0,0.0,0.0,0.0,0.0,1.0,0.0,0.0,0.0,1.0,1,0
1,1,1,1,52.5542,1,37.0,0,2,37.0,0.0,0.0,0.0,0.0,0.0,1.0,0.0,0.0,0.0,0.0,1.0,1,0
0,2,1,0,26.0,1,54.0,0,1,108.0,0.0,0.0,0.0,0.0,0.0,0.0,0.0,1.0,0.0,0.0,1.0,1,0
0,3,0,0,7.25,1,25.0,1,0,75.0,0.0,0.0,0.0,0.0,0.0,1.0,0.0,0.0,0.0,0.0,1.0,1,0
0,3,1,1,10.4625,0,29.0,0,2,87.0,0.0,0.0,0.0,0.0,0.0,0.0,1.0,0.0,0.0,0.0,1.0,1,0
0,1,0,0,26.55,1,62.0,0,0,62.0,0.0,0.0,0.0,0.0,0.0,1.0,0.0,0.0,0.0,0.0,1.0,1,0
0,3,1,0,16.1,1,30.0,0,1,90.0,0.0,0.0,0.0,0.0,0.0,1.0,0.0,0.0,0.0,0.0,1.0,1,0
0,3,0,2,20.2125,0,41.0,0,2,123.0,0.0,0.0,0.0,0.0,0.0,0.0,1.0,0.0,0.0,0.0,1.0,1,0
1,3,0,2,15.2458,0,29.0,0,2,87.0,0.0,0.0,0.0,0.0,0.0,0.0,1.0,0.0,1.0,0.0,0.0,1,0
1,1,0,0,79.2,0,35.0,1,0,35.0,0.0,0.0,0.0,0.0,0.0,0.0,1.0,0.0,1.0,0.0,0.0,1,0
1,1,0,0,86.5,0,30.0,0,0,30.0,0.0,0.0,0.0,0.0,1.0,0.0,0.0,0.0,0.0,0.0,1.0,1,0
1,1,0,0,512.3292,0,35.0,0,0,35.0,0.0,0.0,0.0,0.0,1.0,0.0,0.0,0.0,1.0,0.0,0.0,1,0
1,2,0,1,26.0,0,50.0,0,1,100.0,0.0,0.0,0.0,0.0,0.0,0.0,1.0,0.0,0.0,0.0,1.0,1,0
0,3,0,0,7.75,1,25.0,1,0,75.0,0.0,0.0,0.0,0.0,0.0,1.0,0.0,0.0,0.0,1.0,0.0,1,0
1,3,4,2,31.3875,1,3.0,0,6,9.0,0.0,0.0,0.0,1.0,0.0,0.0,0.0,0.0,0.0,0.0,1.0,0,0
0,1,1,1,79.65,1,52.0,0,2,52.0,0.0,0.0,0.0,0.0,0.0,1.0,0.0,0.0,0.0,0.0,1.0,1,0
0,1,0,0,0.0,1,40.0,0,0,40.0,0.0,0.0,0.0,0.0,0.0,1.0,0.0,0.0,0.0,0.0,1.0,1,0
0,3,0,0,7.75,0,21.5,1,0,64.5,0.0,0.0,0.0,0.0,1.0,0.0,0.0,0.0,0.0,1.0,0.0,1,0
0,2,0,0,10.5,1,36.0,0,0,72.0,0.0,0.0,0.0,0.0,0.0,1.0,0.0,0.0,0.0,0.0,1.0,1,0
0,3,4,1,39.6875,1,16.0,0,5,48.0,0.0,0.0,0.0,0.0,0.0,1.0,0.0,0.0,0.0,0.0,1.0,0,0
1,3,1,0,7.775,1,25.0,0,1,75.0,0.0,0.0,0.0,0.0,0.0,1.0,0.0,0.0,0.0,0.0,1.0,1,0
1,1,0,1,153.4625,0,58.0,0,1,58.0,0.0,0.0,0.0,0.0,0.0,0.0,1.0,0.0,0.0,0.0,1.0,1,0
1,1,0,0,135.6333,0,35.0,0,0,35.0,0.0,0.0,0.0,0.0,1.0,0.0,0.0,0.0,0.0,0.0,1.0,1,0
0,1,0,0,31.0,1,40.0,1,0,40.0,0.0,0.0,0.0,0.0,0.0,1.0,0.0,0.0,0.0,0.0,1.0,1,0
1,3,0,0,0.0,1,25.0,0,0,75.0,0.0,0.0,0.0,0.0,0.0,1.0,0.0,0.0,0.0,0.0,1.0,1,0
1,2,0,1,19.5,0,41.0,0,1,82.0,0.0,0.0,0.0,0.0,0.0,0.0,1.0,0.0,0.0,0.0,1.0,1,0
0,1,0,1,29.7,1,37.0,0,1,37.0,0.0,0.0,0.0,0.0,0.0,1.0,0.0,0.0,1.0,0.0,0.0,1,0
1,3,0,0,7.75,0,21.5,1,0,64.5,0.0,0.0,0.0,0.0,1.0,0.0,0.0,0.0,0.0,1.0,0.0,1,0
1,1,1,0,77.9583,0,63.0,0,1,63.0,0.0,0.0,0.0,0.0,1.0,0.0,0.0,0.0,0.0,0.0,1.0,1,0
0,3,0,0,7.75,0,45.0,0,0,135.0,0.0,0.0,0.0,0.0,1.0,0.0,0.0,0.0,0.0,0.0,1.0,1,0
0,2,0,0,0.0,1,30.0,1,0,60.0,0.0,0.0,0.0,0.0,0.0,1.0,0.0,0.0,0.0,0.0,1.0,1,0
0,3,4,1,29.125,1,7.0,0,5,21.0,0.0,0.0,0.0,1.0,0.0,0.0,0.0,0.0,0.0,1.0,0.0,0,0
1,3,1,1,20.25,0,35.0,0,2,105.0,0.0,0.0,0.0,0.0,0.0,0.0,1.0,0.0,0.0,0.0,1.0,1,0
0,3,0,0,7.75,1,65.0,0,0,195.0,0.0,0.0,0.0,0.0,0.0,1.0,0.0,0.0,0.0,1.0,0.0,1,0
0,3,0,0,7.8542,1,28.0,0,0,84.0,0.0,0.0,0.0,0.0,0.0,1.0,0.0,0.0,0.0,0.0,1.0,1,0
0,3,0,0,9.5,1,16.0,0,0,48.0,0.0,0.0,0.0,0.0,0.0,1.0,0.0,0.0,0.0,0.0,1.0,0,0
1,3,0,0,8.05,1,19.0,0,0,57.0,0.0,0.0,0.0,0.0,0.0,1.0,0.0,0.0,0.0,0.0,1.0,1,0
0,1,0,0,26.0,1,40.0,1,0,40.0,0.0,0.0,0.0,0.0,0.0,1.0,0.0,0.0,0.0,0.0,1.0,1,0
0,3,0,0,8.6625,1,33.0,0,0,99.0,0.0,0.0,0.0,0.0,0.0,1.0,0.0,0.0,1.0,0.0,0.0,1,0
1,3,0,0,9.5,1,30.0,0,0,90.0,0.0,0.0,0.0,0.0,0.0,1.0,0.0,0.0,0.0,0.0,1.0,1,0
0,3,0,0,7.8958,1,22.0,0,0,66.0,0.0,0.0,0.0,0.0,0.0,1.0,0.0,0.0,0.0,0.0,1.0,1,0
1,2,0,0,13.0,1,42.0,0,0,84.0,0.0,0.0,0.0,0.0,0.0,1.0,0.0,0.0,0.0,0.0,1.0,1,0
1,3,0,0,7.75,0,22.0,0,0,66.0,0.0,0.0,0.0,0.0,1.0,0.0,0.0,0.0,0.0,1.0,0.0,1,0
1,1,0,0,78.85,0,26.0,0,0,26.0,0.0,0.0,0.0,0.0,1.0,0.0,0.0,0.0,0.0,0.0,1.0,1,0
1,1,1,0,91.0792,0,19.0,0,1,19.0,0.0,0.0,0.0,0.0,0.0,0.0,1.0,0.0,1.0,0.0,0.0,1,0
0,2,0,0,12.875,1,36.0,0,0,72.0,0.0,0.0,0.0,0.0,0.0,1.0,0.0,0.0,1.0,0.0,0.0,1,0
0,3,0,0,8.85,0,24.0,0,0,72.0,0.0,0.0,0.0,0.0,1.0,0.0,0.0,0.0,0.0,0.0,1.0,1,0
0,3,0,0,7.8958,1,24.0,0,0,72.0,0.0,0.0,0.0,0.0,0.0,1.0,0.0,0.0,0.0,0.0,1.0,1,0
0,1,0,0,27.7208,1,40.0,1,0,40.0,0.0,0.0,0.0,0.0,0.0,1.0,0.0,0.0,1.0,0.0,0.0,1,0
0,3,0,0,7.2292,1,23.5,0,0,70.5,0.0,0.0,0.0,0.0,0.0,1.0,0.0,0.0,1.0,0.0,0.0,1,0
0,1,1,2,151.55,0,2.0,0,3,2.0,0.0,0.0,0.0,0.0,1.0,0.0,0.0,0.0,0.0,0.0,1.0,0,0
1,1,0,0,30.5,1,40.0,1,0,40.0,0.0,0.0,0.0,0.0,0.0,1.0,0.0,0.0,0.0,0.0,1.0,1,0
1,1,0,1,247.5208,0,50.0,0,1,50.0,0.0,0.0,0.0,0.0,0.0,0.0,1.0,0.0,1.0,0.0,0.0,1,0
1,3,0,0,7.75,0,21.5,1,0,64.5,0.0,0.0,0.0,0.0,1.0,0.0,0.0,0.0,0.0,1.0,0.0,1,0
1,3,2,0,23.25,1,25.0,1,2,75.0,0.0,0.0,0.0,0.0,0.0,1.0,0.0,0.0,0.0,1.0,0.0,1,0
0,3,0,0,0.0,1,19.0,0,0,57.0,0.0,0.0,0.0,0.0,0.0,1.0,0.0,0.0,0.0,0.0,1.0,1,0
1,2,0,0,12.35,0,28.0,1,0,56.0,0.0,0.0,0.0,0.0,1.0,0.0,0.0,0.0,0.0,1.0,0.0,1,0
0,3,0,0,8.05,1,25.0,1,0,75.0,0.0,0.0,0.0,0.0,0.0,1.0,0.0,0.0,0.0,0.0,1.0,1,0
1,1,1,2,151.55,1,0.92,0,3,0.92,0.0,0.0,0.0,1.0,0.0,0.0,0.0,0.0,0.0,0.0,1.0,0,0
1,1,0,0,110.8833,0,35.0,1,0,35.0,0.0,0.0,0.0,0.0,1.0,0.0,0.0,0.0,1.0,0.0,0.0,1,0
1,1,1,0,108.9,0,17.0,0,1,17.0,0.0,0.0,0.0,0.0,0.0,0.0,1.0,0.0,1.0,0.0,0.0,0,0
0,2,1,0,24.0,1,30.0,0,1,60.0,0.0,0.0,0.0,0.0,0.0,1.0,0.0,0.0,1.0,0.0,0.0,1,0
1,1,0,0,56.9292,0,30.0,0,0,30.0,0.0,0.0,0.0,0.0,1.0,0.0,0.0,0.0,1.0,0.0,0.0,1,0
1,1,0,0,83.1583,0,24.0,0,0,24.0,0.0,0.0,0.0,0.0,1.0,0.0,0.0,0.0,1.0,0.0,0.0,1,0
1,1,2,2,262.375,0,18.0,0,4,18.0,0.0,0.0,0.0,0.0,1.0,0.0,0.0,0.0,1.0,0.0,0.0,1,0
0,2,1,1,26.0,0,26.0,0,2,52.0,0.0,0.0,0.0,0.0,0.0,0.0,1.0,0.0,0.0,0.0,1.0,1,0
0,3,0,0,7.8958,1,28.0,0,0,84.0,0.0,0.0,0.0,0.0,0.0,1.0,0.0,0.0,0.0,0.0,1.0,1,0
0,2,1,1,26.25,1,43.0,0,2,86.0,0.0,0.0,0.0,0.0,0.0,1.0,0.0,0.0,0.0,0.0,1.0,1,0
1,3,0,0,7.8542,0,26.0,0,0,78.0,0.0,0.0,0.0,0.0,1.0,0.0,0.0,0.0,0.0,0.0,1.0,1,0
1,2,1,0,26.0,0,24.0,0,1,48.0,0.0,0.0,0.0,0.0,0.0,0.0,1.0,0.0,0.0,0.0,1.0,1,0
0,2,0,0,14.0,1,54.0,0,0,108.0,0.0,1.0,0.0,0.0,0.0,0.0,0.0,0.0,0.0,0.0,1.0,1,0
1,1,0,2,164.8667,0,31.0,0,2,31.0,0.0,0.0,0.0,0.0,1.0,0.0,0.0,0.0,0.0,0.0,1.0,1,1
1,1,1,1,134.5,0,40.0,0,2,40.0,0.0,0.0,0.0,0.0,0.0,0.0,1.0,0.0,1.0,0.0,0.0,1,0
0,3,0,0,7.25,1,22.0,0,0,66.0,0.0,0.0,0.0,0.0,0.0,1.0,0.0,0.0,0.0,0.0,1.0,1,0
0,3,0,0,7.8958,1,27.0,0,0,81.0,0.0,0.0,0.0,0.0,0.0,1.0,0.0,0.0,0.0,0.0,1.0,1,0
1,2,0,0,12.35,0,30.0,0,0,60.0,0.0,0.0,0.0,0.0,1.0,0.0,0.0,0.0,0.0,1.0,0.0,1,0
1,2,1,1,29.0,0,22.0,0,2,44.0,0.0,0.0,0.0,0.0,0.0,0.0,1.0,0.0,0.0,0.0,1.0,1,0
0,3,8,2,69.55,1,25.0,1,10,75.0,0.0,0.0,0.0,0.0,0.0,1.0,0.0,0.0,0.0,0.0,1.0,1,0
1,1,0,0,135.6333,0,36.0,0,0,36.0,0.0,0.0,0.0,0.0,1.0,0.0,0.0,0.0,1.0,0.0,0.0,1,0
0,3,0,0,6.2375,1,61.0,0,0,183.0,0.0,0.0,0.0,0.0,0.0,1.0,0.0,0.0,0.0,0.0,1.0,1,0
1,2,0,0,13.0,0,36.0,0,0,72.0,0.0,0.0,0.0,0.0,0.0,0.0,1.0,0.0,0.0,0.0,1.0,1,0
1,3,1,1,20.525,0,31.0,0,2,93.0,0.0,0.0,0.0,0.0,0.0,0.0,1.0,0.0,0.0,0.0,1.0,1,0
1,1,0,1,57.9792,0,16.0,0,1,16.0,0.0,0.0,0.0,0.0,1.0,0.0,0.0,0.0,1.0,0.0,0.0,0,0
1,3,2,0,23.25,0,21.5,1,2,64.5,0.0,0.0,0.0,0.0,1.0,0.0,0.0,0.0,0.0,1.0,0.0,1,0
0,1,0,0,28.5,1,45.5,0,0,45.5,0.0,0.0,0.0,0.0,0.0,1.0,0.0,0.0,0.0,0.0,1.0,1,0
0,1,0,1,153.4625,1,38.0,0,1,38.0,0.0,0.0,0.0,0.0,0.0,1.0,0.0,0.0,0.0,0.0,1.0,1,0
0,3,2,0,18.0,1,16.0,0,2,48.0,0.0,0.0,0.0,0.0,0.0,1.0,0.0,0.0,0.0,0.0,1.0,0,0
1,1,1,0,133.65,0,35.0,1,1,35.0,0.0,0.0,0.0,0.0,0.0,0.0,1.0,0.0,0.0,0.0,1.0,1,0
0,3,0,0,7.8958,1,25.0,1,0,75.0,0.0,0.0,0.0,0.0,0.0,1.0,0.0,0.0,0.0,0.0,1.0,1,0
0,1,1,0,66.6,1,29.0,0,1,29.0,0.0,0.0,0.0,0.0,0.0,1.0,0.0,0.0,0.0,0.0,1.0,1,0
1,1,0,0,134.5,0,41.0,0,0,41.0,0.0,0.0,0.0,0.0,1.0,0.0,0.0,0.0,1.0,0.0,0.0,1,0
1,3,0,0,8.05,1,45.0,0,0,135.0,0.0,0.0,0.0,0.0,0.0,1.0,0.0,0.0,0.0,0.0,1.0,1,0
0,1,0,0,35.5,1,45.0,0,0,45.0,0.0,0.0,0.0,0.0,0.0,1.0,0.0,0.0,0.0,0.0,1.0,1,0
1,2,1,1,26.0,1,2.0,0,2,4.0,0.0,0.0,0.0,1.0,0.0,0.0,0.0,0.0,0.0,0.0,1.0,0,0
1,1,3,2,263.0,0,24.0,0,5,24.0,0.0,0.0,0.0,0.0,1.0,0.0,0.0,0.0,0.0,0.0,1.0,1,1
0,2,0,0,13.0,1,28.0,0,0,56.0,0.0,0.0,0.0,0.0,0.0,1.0,0.0,0.0,0.0,0.0,1.0,1,0
0,2,0,0,13.0,1,25.0,0,0,50.0,0.0,0.0,0.0,0.0,0.0,1.0,0.0,0.0,0.0,0.0,1.0,1,0
0,2,0,0,13.0,1,36.0,0,0,72.0,0.0,0.0,0.0,0.0,0.0,1.0,0.0,0.0,0.0,0.0,1.0,1,0
1,2,0,0,13.0,0,24.0,0,0,48.0,0.0,0.0,0.0,0.0,1.0,0.0,0.0,0.0,0.0,0.0,1.0,1,0
1,2,0,0,13.0,0,40.0,0,0,80.0,0.0,0.0,0.0,0.0,1.0,0.0,0.0,0.0,0.0,0.0,1.0,1,0
1,3,1,0,16.1,0,21.5,1,1,64.5,0.0,0.0,0.0,0.0,0.0,0.0,1.0,0.0,0.0,0.0,1.0,1,0
1,3,1,1,15.9,1,3.0,0,2,9.0,0.0,0.0,0.0,1.0,0.0,0.0,0.0,0.0,0.0,0.0,1.0,0,0
0,3,0,0,8.6625,1,42.0,0,0,126.0,0.0,0.0,0.0,0.0,0.0,1.0,0.0,0.0,0.0,0.0,1.0,1,0
0,3,0,0,9.225,1,23.0,0,0,69.0,0.0,0.0,0.0,0.0,0.0,1.0,0.0,0.0,0.0,0.0,1.0,1,0
0,1,0,0,35.0,1,40.0,1,0,40.0,0.0,0.0,0.0,0.0,0.0,1.0,0.0,0.0,0.0,0.0,1.0,1,0
0,3,1,1,7.2292,1,15.0,0,2,45.0,0.0,0.0,0.0,0.0,0.0,1.0,0.0,0.0,1.0,0.0,0.0,0,0
0,3,1,0,17.8,1,25.0,0,1,75.0,0.0,0.0,0.0,0.0,0.0,1.0,0.0,0.0,0.0,0.0,1.0,1,0
0,3,0,0,7.225,1,25.0,1,0,75.0,0.0,0.0,0.0,0.0,0.0,1.0,0.0,0.0,1.0,0.0,0.0,1,0
0,3,0,0,9.5,1,28.0,0,0,84.0,0.0,0.0,0.0,0.0,0.0,1.0,0.0,0.0,0.0,0.0,1.0,1,0
1,1,0,1,55.0,0,22.0,0,1,22.0,0.0,0.0,0.0,0.0,1.0,0.0,0.0,0.0,0.0,0.0,1.0,1,1
0,2,0,0,13.0,0,38.0,0,0,76.0,0.0,0.0,0.0,0.0,1.0,0.0,0.0,0.0,0.0,0.0,1.0,1,0
1,3,0,0,7.8792,0,21.5,1,0,64.5,0.0,0.0,0.0,0.0,1.0,0.0,0.0,0.0,0.0,1.0,0.0,1,0
1,3,0,0,7.8792,0,21.5,1,0,64.5,0.0,0.0,0.0,0.0,1.0,0.0,0.0,0.0,0.0,1.0,0.0,1,0
0,3,1,4,27.9,1,40.0,0,5,120.0,0.0,0.0,0.0,0.0,0.0,1.0,0.0,0.0,0.0,0.0,1.0,1,0
0,2,1,0,27.7208,1,29.0,0,1,58.0,0.0,0.0,0.0,0.0,0.0,1.0,0.0,0.0,1.0,0.0,0.0,1,0
0,3,0,1,14.4542,0,45.0,0,1,135.0,0.0,0.0,0.0,0.0,0.0,0.0,1.0,0.0,1.0,0.0,0.0,1,0
0,3,0,0,7.05,1,35.0,0,0,105.0,0.0,0.0,0.0,0.0,0.0,1.0,0.0,0.0,0.0,0.0,1.0,1,0
0,3,1,0,15.5,1,25.0,1,1,75.0,0.0,0.0,0.0,0.0,0.0,1.0,0.0,0.0,0.0,1.0,0.0,1,0
0,3,0,0,7.25,1,30.0,0,0,90.0,0.0,0.0,0.0,0.0,0.0,1.0,0.0,0.0,0.0,0.0,1.0,1,0
1,1,1,0,75.25,0,60.0,0,1,60.0,0.0,0.0,0.0,0.0,0.0,0.0,1.0,0.0,1.0,0.0,0.0,1,0
1,3,0,0,7.2292,0,21.5,1,0,64.5,0.0,0.0,0.0,0.0,0.0,0.0,1.0,0.0,1.0,0.0,0.0,1,0
1,3,0,0,7.75,0,21.5,1,0,64.5,0.0,0.0,0.0,0.0,1.0,0.0,0.0,0.0,0.0,1.0,0.0,1,0
1,1,0,0,69.3,0,24.0,0,0,24.0,0.0,0.0,0.0,0.0,1.0,0.0,0.0,0.0,1.0,0.0,0.0,1,0
1,1,1,0,55.4417,1,25.0,0,1,25.0,0.0,0.0,0.0,0.0,0.0,1.0,0.0,0.0,1.0,0.0,0.0,1,0
0,3,1,0,6.4958,1,18.0,0,1,54.0,0.0,0.0,0.0,0.0,0.0,1.0,0.0,0.0,0.0,0.0,1.0,1,0
0,3,0,0,8.05,1,19.0,0,0,57.0,0.0,0.0,0.0,0.0,0.0,1.0,0.0,0.0,0.0,0.0,1.0,1,0
0,1,0,0,135.6333,1,22.0,0,0,22.0,0.0,0.0,0.0,0.0,0.0,1.0,0.0,0.0,1.0,0.0,0.0,1,0
0,3,3,1,21.075,0,3.0,0,4,9.0,0.0,0.0,0.0,0.0,1.0,0.0,0.0,0.0,0.0,0.0,1.0,0,0
1,1,1,0,82.1708,0,35.0,1,1,35.0,0.0,0.0,0.0,0.0,0.0,0.0,1.0,0.0,1.0,0.0,0.0,1,0
1,3,0,0,7.25,0,22.0,0,0,66.0,0.0,0.0,0.0,0.0,1.0,0.0,0.0,0.0,0.0,0.0,1.0,1,0
0,1,0,2,211.5,1,27.0,0,2,27.0,0.0,0.0,0.0,0.0,0.0,1.0,0.0,0.0,1.0,0.0,0.0,1,0
0,3,0,0,4.0125,1,20.0,0,0,60.0,0.0,0.0,0.0,0.0,0.0,1.0,0.0,0.0,1.0,0.0,0.0,1,0
0,3,0,0,7.775,1,19.0,0,0,57.0,0.0,0.0,0.0,0.0,0.0,1.0,0.0,0.0,0.0,0.0,1.0,1,0
1,1,0,0,227.525,0,42.0,0,0,42.0,0.0,0.0,0.0,0.0,1.0,0.0,0.0,0.0,1.0,0.0,0.0,1,0
1,3,0,2,15.7417,0,1.0,0,2,3.0,0.0,0.0,0.0,0.0,1.0,0.0,0.0,0.0,1.0,0.0,0.0,0,0
0,3,0,0,7.925,1,32.0,0,0,96.0,0.0,0.0,0.0,0.0,0.0,1.0,0.0,0.0,0.0,0.0,1.0,1,0
1,1,1,0,52.0,0,35.0,0,1,35.0,0.0,0.0,0.0,0.0,0.0,0.0,1.0,0.0,0.0,0.0,1.0,1,0
0,3,0,0,7.8958,1,25.0,1,0,75.0,0.0,0.0,0.0,0.0,0.0,1.0,0.0,0.0,0.0,0.0,1.0,1,0
0,2,0,0,73.5,1,18.0,0,0,36.0,0.0,0.0,0.0,0.0,0.0,1.0,0.0,0.0,0.0,0.0,1.0,1,0
0,3,5,2,46.9,1,1.0,0,7,3.0,0.0,0.0,0.0,1.0,0.0,0.0,0.0,0.0,0.0,0.0,1.0,0,0
1,2,0,0,13.0,0,36.0,0,0,72.0,0.0,0.0,0.0,0.0,1.0,0.0,0.0,0.0,0.0,0.0,1.0,1,0
0,3,0,0,7.7292,1,25.0,1,0,75.0,0.0,0.0,0.0,0.0,0.0,1.0,0.0,0.0,0.0,1.0,0.0,1,0
1,2,0,0,12.0,0,17.0,0,0,34.0,0.0,0.0,0.0,0.0,1.0,0.0,0.0,0.0,1.0,0.0,0.0,0,0
1,1,1,2,120.0,1,36.0,0,3,36.0,0.0,0.0,0.0,0.0,0.0,1.0,0.0,0.0,0.0,0.0,1.0,1,0
1,3,0,0,7.7958,1,21.0,0,0,63.0,0.0,0.0,0.0,0.0,0.0,1.0,0.0,0.0,0.0,0.0,1.0,1,0
0,3,2,0,7.925,1,28.0,0,2,84.0,0.0,0.0,0.0,0.0,0.0,1.0,0.0,0.0,0.0,0.0,1.0,1,0
1,1,1,0,113.275,0,23.0,0,1,23.0,0.0,0.0,0.0,0.0,1.0,0.0,0.0,0.0,1.0,0.0,0.0,1,0
1,3,0,2,16.7,0,24.0,0,2,72.0,0.0,0.0,0.0,0.0,0.0,0.0,1.0,0.0,0.0,0.0,1.0,1,0
0,3,0,0,7.7958,1,22.0,0,0,66.0,0.0,0.0,0.0,0.0,0.0,1.0,0.0,0.0,0.0,0.0,1.0,1,0
0,3,0,0,7.8542,0,31.0,0,0,93.0,0.0,0.0,0.0,0.0,1.0,0.0,0.0,0.0,0.0,0.0,1.0,1,0
0,2,0,0,26.0,1,46.0,0,0,92.0,0.0,0.0,0.0,0.0,0.0,1.0,0.0,0.0,0.0,0.0,1.0,1,0
0,2,0,0,10.5,1,23.0,0,0,46.0,0.0,1.0,0.0,0.0,0.0,0.0,0.0,0.0,0.0,0.0,1.0,1,0
1,2,0,0,12.65,0,28.0,0,0,56.0,0.0,0.0,0.0,0.0,0.0,0.0,1.0,0.0,0.0,0.0,1.0,1,0
1,3,0,0,7.925,1,39.0,0,0,117.0,0.0,0.0,0.0,0.0,0.0,1.0,0.0,0.0,0.0,0.0,1.0,1,0
0,3,0,0,8.05,1,26.0,0,0,78.0,0.0,0.0,0.0,0.0,0.0,1.0,0.0,0.0,0.0,0.0,1.0,1,0
0,3,1,0,9.825,0,21.0,0,1,63.0,0.0,0.0,0.0,0.0,1.0,0.0,0.0,0.0,0.0,0.0,1.0,1,0
0,3,1,0,15.85,1,28.0,0,1,84.0,0.0,0.0,0.0,0.0,0.0,1.0,0.0,0.0,0.0,0.0,1.0,1,0
0,3,0,0,8.6625,0,20.0,0,0,60.0,0.0,0.0,0.0,0.0,1.0,0.0,0.0,0.0,0.0,0.0,1.0,1,0
0,2,1,0,21.0,1,34.0,0,1,68.0,0.0,0.0,0.0,0.0,0.0,1.0,0.0,0.0,0.0,0.0,1.0,1,0
0,3,0,0,7.75,1,51.0,0,0,153.0,0.0,0.0,0.0,0.0,0.0,1.0,0.0,0.0,0.0,0.0,1.0,1,0
1,2,1,1,18.75,1,3.0,0,2,6.0,0.0,0.0,0.0,1.0,0.0,0.0,0.0,0.0,0.0,0.0,1.0,0,0
0,3,0,0,7.775,1,21.0,0,0,63.0,0.0,0.0,0.0,0.0,0.0,1.0,0.0,0.0,0.0,0.0,1.0,1,0
0,3,3,1,25.4667,0,21.5,1,4,64.5,0.0,0.0,0.0,0.0,1.0,0.0,0.0,0.0,0.0,0.0,1.0,1,1
0,3,0,0,7.8958,1,25.0,1,0,75.0,0.0,0.0,0.0,0.0,0.0,1.0,0.0,0.0,0.0,0.0,1.0,1,0
0,3,0,0,6.8583,1,25.0,1,0,75.0,0.0,0.0,0.0,0.0,0.0,1.0,0.0,0.0,0.0,1.0,0.0,1,0
1,1,1,0,90.0,0,33.0,0,1,33.0,0.0,0.0,0.0,0.0,1.0,0.0,0.0,0.0,0.0,1.0,0.0,1,0
0,2,0,0,0.0,1,30.0,1,0,60.0,0.0,0.0,0.0,0.0,0.0,1.0,0.0,0.0,0.0,0.0,1.0,1,0
1,3,0,0,7.925,1,44.0,0,0,132.0,0.0,0.0,0.0,0.0,0.0,1.0,0.0,0.0,0.0,0.0,1.0,1,0
0,3,0,0,8.05,0,21.5,1,0,64.5,0.0,0.0,0.0,0.0,0.0,0.0,1.0,0.0,0.0,0.0,1.0,1,0
1,2,1,1,32.5,0,34.0,0,2,68.0,0.0,0.0,0.0,0.0,0.0,0.0,1.0,0.0,0.0,0.0,1.0,1,0
1,2,0,2,13.0,0,18.0,0,2,36.0,0.0,0.0,0.0,0.0,1.0,0.0,0.0,0.0,0.0,0.0,1.0,1,0
0,2,0,0,13.0,1,30.0,0,0,60.0,0.0,0.0,0.0,0.0,0.0,1.0,0.0,0.0,0.0,0.0,1.0,1,0
0,3,0,2,24.15,0,10.0,0,2,30.0,0.0,0.0,0.0,0.0,1.0,0.0,0.0,0.0,0.0,0.0,1.0,0,0
0,3,0,0,7.8958,1,25.0,1,0,75.0,0.0,0.0,0.0,0.0,0.0,1.0,0.0,0.0,1.0,0.0,0.0,1,0
0,3,0,0,7.7333,1,21.0,0,0,63.0,0.0,0.0,0.0,0.0,0.0,1.0,0.0,0.0,0.0,1.0,0.0,1,0
0,3,0,0,7.875,1,29.0,0,0,87.0,0.0,0.0,0.0,0.0,0.0,1.0,0.0,0.0,0.0,0.0,1.0,1,0
0,3,1,1,14.4,0,28.0,0,2,84.0,0.0,0.0,0.0,0.0,0.0,0.0,1.0,0.0,0.0,0.0,1.0,1,0
0,3,1,1,20.2125,1,18.0,0,2,54.0,0.0,0.0,0.0,0.0,0.0,1.0,0.0,0.0,0.0,0.0,1.0,1,0
0,3,0,0,7.25,1,25.0,1,0,75.0,0.0,0.0,0.0,0.0,0.0,1.0,0.0,0.0,0.0,0.0,1.0,1,0
1,2,1,0,26.0,0,28.0,0,1,56.0,0.0,0.0,0.0,0.0,0.0,0.0,1.0,0.0,0.0,0.0,1.0,1,0
1,2,0,0,26.0,0,19.0,0,0,38.0,0.0,0.0,0.0,0.0,1.0,0.0,0.0,0.0,0.0,0.0,1.0,1,0
0,3,0,0,7.75,1,25.0,1,0,75.0,0.0,0.0,0.0,0.0,0.0,1.0,0.0,0.0,0.0,1.0,0.0,1,0
1,3,0,0,8.05,1,32.0,0,0,96.0,0.0,0.0,0.0,0.0,0.0,1.0,0.0,0.0,0.0,0.0,1.0,1,0
1,1,0,0,26.55,1,28.0,0,0,28.0,0.0,0.0,0.0,0.0,0.0,1.0,0.0,0.0,0.0,0.0,1.0,1,0
1,3,1,0,16.1,0,21.5,1,1,64.5,0.0,0.0,0.0,0.0,0.0,0.0,1.0,0.0,0.0,0.0,1.0,1,0
1,2,1,0,26.0,0,42.0,0,1,84.0,0.0,0.0,0.0,0.0,0.0,0.0,1.0,0.0,0.0,0.0,1.0,1,0
0,3,0,0,7.125,1,17.0,0,0,51.0,0.0,0.0,0.0,0.0,0.0,1.0,0.0,0.0,0.0,0.0,1.0,0,0
0,1,1,0,55.9,1,50.0,0,1,50.0,0.0,0.0,0.0,0.0,0.0,1.0,0.0,0.0,0.0,0.0,1.0,1,0
1,1,1,2,120.0,0,14.0,0,3,14.0,0.0,0.0,0.0,0.0,1.0,0.0,0.0,0.0,0.0,0.0,1.0,0,0
0,3,2,2,34.375,0,21.0,0,4,63.0,0.0,0.0,0.0,0.0,1.0,0.0,0.0,0.0,0.0,0.0,1.0,1,1
1,2,2,3,18.75,0,24.0,0,5,48.0,0.0,0.0,0.0,0.0,0.0,0.0,1.0,0.0,0.0,0.0,1.0,1,0
0,1,1,4,263.0,1,64.0,0,5,64.0,0.0,0.0,0.0,0.0,0.0,1.0,0.0,0.0,0.0,0.0,1.0,1,0
0,2,0,0,10.5,1,31.0,0,0,62.0,0.0,0.0,0.0,0.0,0.0,1.0,0.0,0.0,0.0,0.0,1.0,1,0
1,2,1,1,26.25,0,45.0,0,2,90.0,0.0,0.0,0.0,0.0,0.0,0.0,1.0,0.0,0.0,0.0,1.0,1,0
0,3,0,0,9.5,1,20.0,0,0,60.0,0.0,0.0,0.0,0.0,0.0,1.0,0.0,0.0,0.0,0.0,1.0,1,0
0,3,1,0,7.775,1,25.0,0,1,75.0,0.0,0.0,0.0,0.0,0.0,1.0,0.0,0.0,0.0,0.0,1.0,1,0
1,2,0,0,13.0,0,28.0,0,0,56.0,0.0,0.0,0.0,0.0,1.0,0.0,0.0,0.0,0.0,0.0,1.0,1,0
1,3,0,0,8.1125,1,25.0,1,0,75.0,0.0,0.0,0.0,0.0,0.0,1.0,0.0,0.0,0.0,0.0,1.0,1,0
1,1,0,2,81.8583,1,4.0,0,2,4.0,0.0,0.0,0.0,1.0,0.0,0.0,0.0,0.0,0.0,0.0,1.0,0,0
1,2,0,1,19.5,0,13.0,0,1,26.0,0.0,0.0,0.0,0.0,1.0,0.0,0.0,0.0,0.0,0.0,1.0,0,0
1,1,0,0,26.55,1,34.0,0,0,34.0,0.0,0.0,0.0,0.0,0.0,1.0,0.0,0.0,0.0,0.0,1.0,1,0
1,3,2,1,19.2583,0,5.0,0,3,15.0,0.0,0.0,0.0,0.0,1.0,0.0,0.0,0.0,1.0,0.0,0.0,0,0
1,1,0,0,30.5,1,52.0,0,0,52.0,0.0,0.0,0.0,1.0,0.0,0.0,0.0,0.0,0.0,0.0,1.0,1,0
0,2,1,2,27.75,1,36.0,0,3,72.0,0.0,0.0,0.0,0.0,0.0,1.0,0.0,0.0,0.0,0.0,1.0,1,0
0,3,1,0,19.9667,1,25.0,1,1,75.0,0.0,0.0,0.0,0.0,0.0,1.0,0.0,0.0,0.0,0.0,1.0,1,0
0,1,0,0,27.75,1,30.0,0,0,30.0,0.0,0.0,0.0,0.0,0.0,1.0,0.0,0.0,1.0,0.0,0.0,1,0
1,1,1,0,89.1042,1,49.0,0,1,49.0,0.0,0.0,0.0,0.0,0.0,1.0,0.0,0.0,1.0,0.0,0.0,1,0
0,3,0,0,8.05,1,25.0,1,0,75.0,0.0,0.0,0.0,0.0,0.0,1.0,0.0,0.0,0.0,0.0,1.0,1,0
1,3,0,0,7.8958,1,29.0,0,0,87.0,0.0,0.0,0.0,0.0,0.0,1.0,0.0,0.0,1.0,0.0,0.0,1,0
0,1,0,0,26.55,1,65.0,0,0,65.0,0.0,0.0,0.0,0.0,0.0,1.0,0.0,0.0,0.0,0.0,1.0,1,0
1,1,1,0,51.8625,0,35.0,1,1,35.0,0.0,0.0,0.0,0.0,0.0,0.0,1.0,0.0,0.0,0.0,1.0,1,0
1,2,0,0,10.5,0,50.0,0,0,100.0,0.0,0.0,0.0,0.0,1.0,0.0,0.0,0.0,0.0,0.0,1.0,1,0
0,3,0,0,7.75,1,25.0,1,0,75.0,0.0,0.0,0.0,0.0,0.0,1.0,0.0,0.0,0.0,1.0,0.0,1,0
1,1,0,0,26.55,1,48.0,0,0,48.0,0.0,0.0,0.0,0.0,0.0,1.0,0.0,0.0,0.0,0.0,1.0,1,0
0,3,0,0,8.05,1,34.0,0,0,102.0,0.0,0.0,0.0,0.0,0.0,1.0,0.0,0.0,0.0,0.0,1.0,1,0
0,1,0,0,38.5,1,47.0,0,0,47.0,0.0,0.0,0.0,0.0,0.0,1.0,0.0,0.0,0.0,0.0,1.0,1,0
0,2,0,0,13.0,1,48.0,0,0,96.0,0.0,0.0,0.0,0.0,0.0,1.0,0.0,0.0,0.0,0.0,1.0,1,0
0,3,0,0,8.05,1,25.0,1,0,75.0,0.0,0.0,0.0,0.0,0.0,1.0,0.0,0.0,0.0,0.0,1.0,1,0
0,3,0,0,7.05,1,38.0,0,0,114.0,0.0,0.0,0.0,0.0,0.0,1.0,0.0,0.0,0.0,0.0,1.0,1,0
0,2,0,0,0.0,1,30.0,1,0,60.0,0.0,0.0,0.0,0.0,0.0,1.0,0.0,0.0,0.0,0.0,1.0,1,0
0,1,0,0,26.55,1,56.0,0,0,56.0,0.0,0.0,0.0,0.0,0.0,1.0,0.0,0.0,0.0,0.0,1.0,1,0
0,3,0,0,7.725,1,25.0,1,0,75.0,0.0,0.0,0.0,0.0,0.0,1.0,0.0,0.0,0.0,1.0,0.0,1,0
1,3,2,1,19.2583,0,0.75,0,3,2.25,0.0,0.0,0.0,0.0,1.0,0.0,0.0,0.0,1.0,0.0,0.0,0,0
0,3,0,0,7.25,1,25.0,1,0,75.0,0.0,0.0,0.0,0.0,0.0,1.0,0.0,0.0,0.0,0.0,1.0,1,0
0,3,0,0,8.6625,1,38.0,0,0,114.0,0.0,0.0,0.0,0.0,0.0,1.0,0.0,0.0,0.0,0.0,1.0,1,0
1,2,1,2,27.75,0,33.0,0,3,66.0,0.0,0.0,0.0,0.0,0.0,0.0,1.0,0.0,0.0,0.0,1.0,1,0
1,2,0,0,13.7917,0,23.0,0,0,46.0,0.0,0.0,0.0,0.0,0.0,0.0,1.0,0.0,1.0,0.0,0.0,1,0
0,3,0,0,9.8375,0,22.0,0,0,66.0,0.0,0.0,0.0,0.0,1.0,0.0,0.0,0.0,0.0,0.0,1.0,1,0
0,1,0,0,52.0,1,40.0,1,0,40.0,0.0,0.0,0.0,0.0,0.0,1.0,0.0,0.0,0.0,0.0,1.0,1,0
0,2,1,0,21.0,1,34.0,0,1,68.0,0.0,0.0,0.0,0.0,0.0,1.0,0.0,0.0,0.0,0.0,1.0,1,0
0,3,1,0,7.0458,1,29.0,0,1,87.0,0.0,0.0,0.0,0.0,0.0,1.0,0.0,0.0,0.0,0.0,1.0,1,0
0,3,0,0,7.5208,1,22.0,0,0,66.0,0.0,0.0,0.0,0.0,0.0,1.0,0.0,0.0,0.0,0.0,1.0,1,0
1,3,0,1,12.2875,0,2.0,0,1,6.0,0.0,0.0,0.0,0.0,1.0,0.0,0.0,0.0,0.0,0.0,1.0,0,0
0,3,5,2,46.9,1,9.0,0,7,27.0,0.0,0.0,0.0,1.0,0.0,0.0,0.0,0.0,0.0,0.0,1.0,0,0
0,2,0,0,0.0,1,30.0,1,0,60.0,0.0,0.0,0.0,0.0,0.0,1.0,0.0,0.0,0.0,0.0,1.0,1,0
0,3,0,0,8.05,1,50.0,0,0,150.0,0.0,0.0,0.0,0.0,0.0,1.0,0.0,0.0,0.0,0.0,1.0,1,0
1,3,0,0,9.5875,0,63.0,0,0,189.0,0.0,0.0,0.0,0.0,0.0,0.0,1.0,0.0,0.0,0.0,1.0,1,0
1,1,1,0,91.0792,1,25.0,0,1,25.0,0.0,0.0,0.0,0.0,0.0,1.0,0.0,0.0,1.0,0.0,0.0,1,0
0,3,3,1,25.4667,0,21.5,1,4,64.5,0.0,0.0,0.0,0.0,1.0,0.0,0.0,0.0,0.0,0.0,1.0,1,1
1,1,1,0,90.0,0,35.0,0,1,35.0,0.0,0.0,0.0,0.0,0.0,0.0,1.0,0.0,0.0,0.0,1.0,1,0
0,1,0,0,29.7,1,58.0,0,0,58.0,0.0,0.0,0.0,0.0,0.0,1.0,0.0,0.0,1.0,0.0,0.0,1,0
0,3,0,0,8.05,1,30.0,0,0,90.0,0.0,0.0,0.0,0.0,0.0,1.0,0.0,0.0,0.0,0.0,1.0,1,0
1,3,1,1,15.9,1,9.0,0,2,27.0,0.0,0.0,0.0,1.0,0.0,0.0,0.0,0.0,0.0,0.0,1.0,0,0
0,3,1,0,19.9667,1,25.0,1,1,75.0,0.0,0.0,0.0,0.0,0.0,1.0,0.0,0.0,0.0,0.0,1.0,1,0
0,3,0,0,7.25,1,21.0,0,0,63.0,0.0,0.0,0.0,0.0,0.0,1.0,0.0,0.0,0.0,0.0,1.0,1,0
0,1,0,0,30.5,1,55.0,0,0,55.0,0.0,0.0,0.0,0.0,0.0,1.0,0.0,0.0,0.0,0.0,1.0,1,0
0,1,0,0,49.5042,1,71.0,0,0,71.0,0.0,0.0,0.0,0.0,0.0,1.0,0.0,0.0,1.0,0.0,0.0,1,0
0,3,0,0,8.05,1,21.0,0,0,63.0,0.0,0.0,0.0,0.0,0.0,1.0,0.0,0.0,0.0,0.0,1.0,1,0
0,3,0,0,14.4583,1,25.0,1,0,75.0,0.0,0.0,0.0,0.0,0.0,1.0,0.0,0.0,1.0,0.0,0.0,1,0
1,1,1,0,78.2667,0,54.0,0,1,54.0,0.0,0.0,0.0,0.0,1.0,0.0,0.0,0.0,1.0,0.0,0.0,1,0
0,3,0,0,15.1,1,25.0,1,0,75.0,0.0,0.0,0.0,0.0,0.0,1.0,0.0,0.0,0.0,0.0,1.0,1,0
0,1,1,2,151.55,0,25.0,0,3,25.0,0.0,0.0,0.0,0.0,0.0,0.0,1.0,0.0,0.0,0.0,1.0,1,0
0,3,0,0,7.7958,1,24.0,0,0,72.0,0.0,0.0,0.0,0.0,0.0,1.0,0.0,0.0,0.0,0.0,1.0,1,0
0,3,0,0,8.6625,1,17.0,0,0,51.0,0.0,0.0,0.0,0.0,0.0,1.0,0.0,0.0,0.0,0.0,1.0,0,0
0,3,0,0,7.75,0,21.0,0,0,63.0,0.0,0.0,0.0,0.0,1.0,0.0,0.0,0.0,0.0,1.0,0.0,1,0
0,3,0,0,7.6292,0,21.5,1,0,64.5,0.0,0.0,0.0,0.0,1.0,0.0,0.0,0.0,0.0,1.0,0.0,1,0
0,3,0,0,9.5875,0,37.0,0,0,111.0,0.0,0.0,0.0,0.0,1.0,0.0,0.0,0.0,0.0,0.0,1.0,1,0
1,1,0,0,86.5,0,16.0,0,0,16.0,0.0,0.0,0.0,0.0,1.0,0.0,0.0,0.0,0.0,0.0,1.0,0,0
0,1,1,0,108.9,1,18.0,0,1,18.0,0.0,0.0,0.0,0.0,0.0,1.0,0.0,0.0,1.0,0.0,0.0,1,0
1,2,0,2,26.0,0,33.0,0,2,66.0,0.0,0.0,0.0,0.0,0.0,0.0,1.0,0.0,0.0,0.0,1.0,1,0
1,1,0,0,26.55,1,40.0,1,0,40.0,0.0,0.0,0.0,0.0,0.0,1.0,0.0,0.0,0.0,0.0,1.0,1,0
0,3,0,0,22.525,1,28.0,0,0,84.0,0.0,0.0,0.0,0.0,0.0,1.0,0.0,0.0,0.0,0.0,1.0,1,0
1,3,0,0,56.4958,1,26.0,0,0,78.0,0.0,0.0,0.0,0.0,0.0,1.0,0.0,0.0,0.0,0.0,1.0,1,0
1,3,0,0,7.75,1,29.0,0,0,87.0,0.0,0.0,0.0,0.0,0.0,1.0,0.0,0.0,0.0,1.0,0.0,1,0
0,3,0,0,8.05,1,25.0,1,0,75.0,0.0,0.0,0.0,0.0,0.0,1.0,0.0,0.0,0.0,0.0,1.0,1,0
1,1,0,0,26.2875,1,36.0,0,0,36.0,0.0,0.0,0.0,0.0,0.0,1.0,0.0,0.0,0.0,0.0,1.0,1,0
1,1,1,0,59.4,0,54.0,0,1,54.0,0.0,0.0,0.0,0.0,0.0,0.0,1.0,0.0,1.0,0.0,0.0,1,0
0,3,0,0,7.4958,1,24.0,0,0,72.0,0.0,0.0,0.0,0.0,0.0,1.0,0.0,0.0,0.0,0.0,1.0,1,0
0,1,0,0,34.0208,1,47.0,0,0,47.0,0.0,0.0,0.0,0.0,0.0,1.0,0.0,0.0,0.0,0.0,1.0,1,0
1,2,0,0,10.5,0,34.0,0,0,68.0,0.0,0.0,0.0,0.0,0.0,0.0,1.0,0.0,0.0,0.0,1.0,1,0
0,3,0,0,24.15,1,25.0,1,0,75.0,0.0,0.0,0.0,0.0,0.0,1.0,0.0,0.0,0.0,1.0,0.0,1,0
1,2,1,0,26.0,0,36.0,0,1,72.0,0.0,0.0,0.0,0.0,0.0,0.0,1.0,0.0,0.0,0.0,1.0,1,0
0,3,0,0,7.8958,1,32.0,0,0,96.0,0.0,0.0,0.0,0.0,0.0,1.0,0.0,0.0,0.0,0.0,1.0,1,0
1,1,0,0,93.5,0,30.0,0,0,30.0,0.0,0.0,0.0,0.0,1.0,0.0,0.0,0.0,0.0,0.0,1.0,1,0
0,3,0,0,7.8958,1,22.0,0,0,66.0,0.0,0.0,0.0,0.0,0.0,1.0,0.0,0.0,0.0,0.0,1.0,1,0
0,3,0,0,7.225,1,25.0,1,0,75.0,0.0,0.0,0.0,0.0,0.0,1.0,0.0,0.0,1.0,0.0,0.0,1,0
1,1,0,1,57.9792,0,44.0,0,1,44.0,0.0,0.0,0.0,0.0,0.0,0.0,1.0,0.0,1.0,0.0,0.0,1,0
0,3,0,0,7.2292,1,25.0,1,0,75.0,0.0,0.0,0.0,0.0,0.0,1.0,0.0,0.0,1.0,0.0,0.0,1,0
0,3,0,0,7.75,1,40.5,0,0,121.5,0.0,0.0,0.0,0.0,0.0,1.0,0.0,0.0,0.0,1.0,0.0,1,0
1,2,0,0,10.5,0,50.0,0,0,100.0,0.0,0.0,0.0,0.0,1.0,0.0,0.0,0.0,0.0,0.0,1.0,1,0
0,1,0,0,221.7792,1,40.0,1,0,40.0,0.0,0.0,0.0,0.0,0.0,1.0,0.0,0.0,0.0,0.0,1.0,1,0
0,3,0,0,7.925,1,39.0,0,0,117.0,0.0,0.0,0.0,0.0,0.0,1.0,0.0,0.0,0.0,0.0,1.0,1,0
0,2,2,1,11.5,1,23.0,0,3,46.0,0.0,0.0,0.0,0.0,0.0,1.0,0.0,0.0,0.0,0.0,1.0,1,0
1,2,1,1,26.0,0,2.0,0,2,4.0,0.0,0.0,0.0,0.0,1.0,0.0,0.0,0.0,0.0,0.0,1.0,0,0
0,3,0,0,7.2292,1,25.0,1,0,75.0,0.0,0.0,0.0,0.0,0.0,1.0,0.0,0.0,1.0,0.0,0.0,1,0
0,3,1,1,7.2292,1,17.0,0,2,51.0,0.0,0.0,0.0,0.0,0.0,1.0,0.0,0.0,1.0,0.0,0.0,0,0
1,3,0,2,22.3583,0,21.5,1,2,64.5,0.0,0.0,0.0,0.0,0.0,0.0,1.0,0.0,1.0,0.0,0.0,1,0
0,3,0,0,8.6625,0,30.0,0,0,90.0,0.0,0.0,0.0,0.0,1.0,0.0,0.0,0.0,0.0,0.0,1.0,1,0
1,2,0,2,26.25,0,7.0,0,2,14.0,0.0,0.0,0.0,0.0,1.0,0.0,0.0,0.0,0.0,0.0,1.0,0,0
0,1,0,0,26.55,1,45.0,0,0,45.0,0.0,0.0,0.0,1.0,0.0,0.0,0.0,0.0,0.0,0.0,1.0,1,0
1,1,0,0,106.425,0,30.0,0,0,30.0,0.0,0.0,0.0,0.0,1.0,0.0,0.0,0.0,1.0,0.0,0.0,1,0
0,3,0,0,14.5,1,25.0,1,0,75.0,0.0,0.0,0.0,0.0,0.0,1.0,0.0,0.0,0.0,0.0,1.0,1,0
1,1,0,2,49.5,0,22.0,0,2,22.0,0.0,0.0,0.0,0.0,1.0,0.0,0.0,0.0,1.0,0.0,0.0,1,1
1,1,0,2,71.0,0,36.0,0,2,36.0,0.0,0.0,0.0,0.0,1.0,0.0,0.0,0.0,0.0,0.0,1.0,1,1
0,3,4,2,31.275,0,9.0,0,6,27.0,0.0,0.0,0.0,0.0,1.0,0.0,0.0,0.0,0.0,0.0,1.0,0,0
0,3,4,2,31.275,0,11.0,0,6,33.0,0.0,0.0,0.0,0.0,1.0,0.0,0.0,0.0,0.0,0.0,1.0,0,0
1,2,1,0,26.0,1,32.0,0,1,64.0,0.0,0.0,0.0,0.0,0.0,1.0,0.0,0.0,0.0,0.0,1.0,1,0
0,1,1,0,106.425,1,50.0,0,1,50.0,0.0,0.0,0.0,0.0,0.0,1.0,0.0,0.0,1.0,0.0,0.0,1,0
0,1,0,0,26.0,1,64.0,0,0,64.0,0.0,0.0,0.0,0.0,0.0,1.0,0.0,0.0,0.0,0.0,1.0,1,0
1,2,1,0,26.0,0,19.0,0,1,38.0,0.0,0.0,0.0,0.0,0.0,0.0,1.0,0.0,0.0,0.0,1.0,1,0
1,2,0,0,13.8625,1,30.0,1,0,60.0,0.0,0.0,0.0,0.0,0.0,1.0,0.0,0.0,1.0,0.0,0.0,1,0
0,3,1,1,20.525,1,33.0,0,2,99.0,0.0,0.0,0.0,0.0,0.0,1.0,0.0,0.0,0.0,0.0,1.0,1,0
1,2,1,1,36.75,1,8.0,0,2,16.0,0.0,0.0,0.0,1.0,0.0,0.0,0.0,0.0,0.0,0.0,1.0,0,0
1,1,0,2,110.8833,1,17.0,0,2,17.0,0.0,0.0,0.0,0.0,0.0,1.0,0.0,0.0,1.0,0.0,0.0,0,0
0,2,0,0,26.0,1,27.0,0,0,54.0,0.0,0.0,0.0,0.0,0.0,1.0,0.0,0.0,0.0,0.0,1.0,1,0
0,3,0,0,7.8292,1,25.0,1,0,75.0,0.0,0.0,0.0,0.0,0.0,1.0,0.0,0.0,0.0,1.0,0.0,1,0
1,3,0,0,7.225,1,22.0,0,0,66.0,0.0,0.0,0.0,0.0,0.0,1.0,0.0,0.0,1.0,0.0,0.0,1,0
1,3,0,0,7.775,0,22.0,0,0,66.0,0.0,0.0,0.0,0.0,1.0,0.0,0.0,0.0,0.0,0.0,1.0,1,0
0,1,0,0,26.55,1,62.0,0,0,62.0,0.0,0.0,0.0,0.0,0.0,1.0,0.0,0.0,0.0,0.0,1.0,1,0
1,1,1,0,39.6,0,48.0,0,1,48.0,0.0,0.0,1.0,0.0,0.0,0.0,0.0,0.0,1.0,0.0,0.0,1,0
0,1,0,0,227.525,1,40.0,1,0,40.0,0.0,0.0,0.0,0.0,0.0,1.0,0.0,0.0,1.0,0.0,0.0,1,0
1,1,1,1,79.65,0,39.0,0,2,39.0,0.0,0.0,0.0,0.0,0.0,0.0,1.0,0.0,0.0,0.0,1.0,1,0
1,3,1,0,17.4,0,36.0,0,1,108.0,0.0,0.0,0.0,0.0,0.0,0.0,1.0,0.0,0.0,0.0,1.0,1,0
0,3,0,0,7.75,1,25.0,1,0,75.0,0.0,0.0,0.0,0.0,0.0,1.0,0.0,0.0,0.0,1.0,0.0,1,0
0,3,0,0,7.8958,1,40.0,0,0,120.0,0.0,0.0,0.0,0.0,0.0,1.0,0.0,0.0,0.0,0.0,1.0,1,0
0,2,0,0,13.5,1,28.0,0,0,56.0,0.0,0.0,0.0,0.0,0.0,1.0,0.0,0.0,0.0,0.0,1.0,1,0
0,3,0,0,8.05,1,25.0,1,0,75.0,0.0,0.0,0.0,0.0,0.0,1.0,0.0,0.0,0.0,0.0,1.0,1,0
0,3,0,0,8.05,0,21.5,1,0,64.5,0.0,0.0,0.0,0.0,1.0,0.0,0.0,0.0,0.0,0.0,1.0,1,0
0,3,2,0,24.15,1,24.0,0,2,72.0,0.0,0.0,0.0,0.0,0.0,1.0,0.0,0.0,0.0,0.0,1.0,1,0
0,3,0,0,7.8958,1,19.0,0,0,57.0,0.0,0.0,0.0,0.0,0.0,1.0,0.0,0.0,0.0,0.0,1.0,1,0
0,3,0,4,21.075,0,29.0,0,4,87.0,0.0,0.0,0.0,0.0,0.0,0.0,1.0,0.0,0.0,0.0,1.0,1,0
0,3,0,0,7.2292,1,25.0,1,0,75.0,0.0,0.0,0.0,0.0,0.0,1.0,0.0,0.0,1.0,0.0,0.0,1,0
1,3,0,0,7.8542,1,32.0,0,0,96.0,0.0,0.0,0.0,0.0,0.0,1.0,0.0,0.0,0.0,0.0,1.0,1,0
1,2,0,0,10.5,1,62.0,0,0,124.0,0.0,0.0,0.0,0.0,0.0,1.0,0.0,0.0,0.0,0.0,1.0,1,0
1,1,2,0,51.4792,0,53.0,0,2,53.0,0.0,0.0,0.0,0.0,0.0,0.0,1.0,0.0,0.0,0.0,1.0,1,0
1,1,0,0,26.3875,1,36.0,0,0,36.0,0.0,0.0,0.0,0.0,0.0,1.0,0.0,0.0,0.0,0.0,1.0,1,0
1,3,0,0,7.75,0,21.5,1,0,64.5,0.0,0.0,0.0,0.0,1.0,0.0,0.0,0.0,0.0,1.0,0.0,1,0
0,3,0,0,8.05,1,16.0,0,0,48.0,0.0,0.0,0.0,0.0,0.0,1.0,0.0,0.0,0.0,0.0,1.0,0,0
0,3,0,0,14.5,1,19.0,0,0,57.0,0.0,0.0,0.0,0.0,0.0,1.0,0.0,0.0,0.0,0.0,1.0,1,0
1,2,0,0,13.0,0,34.0,0,0,68.0,0.0,0.0,0.0,0.0,1.0,0.0,0.0,0.0,0.0,0.0,1.0,1,0
1,1,1,0,55.9,0,39.0,0,1,39.0,0.0,0.0,0.0,0.0,0.0,0.0,1.0,0.0,0.0,0.0,1.0,1,0
0,3,1,0,14.4583,0,21.5,1,1,64.5,0.0,0.0,0.0,0.0,0.0,0.0,1.0,0.0,1.0,0.0,0.0,1,0
1,3,0,0,7.925,1,32.0,0,0,96.0,0.0,0.0,0.0,0.0,0.0,1.0,0.0,0.0,0.0,0.0,1.0,1,0
1,2,1,1,30.0,0,25.0,0,2,50.0,0.0,0.0,0.0,0.0,1.0,0.0,0.0,0.0,0.0,0.0,1.0,1,1
1,1,1,1,110.8833,0,39.0,0,2,39.0,0.0,0.0,0.0,0.0,0.0,0.0,1.0,0.0,1.0,0.0,0.0,1,0
0,2,0,0,26.0,1,54.0,0,0,108.0,0.0,0.0,0.0,0.0,0.0,1.0,0.0,0.0,0.0,0.0,1.0,1,0
0,1,0,0,40.125,1,36.0,0,0,36.0,0.0,0.0,0.0,0.0,0.0,1.0,0.0,0.0,1.0,0.0,0.0,1,0
0,3,0,0,8.7125,1,25.0,1,0,75.0,0.0,0.0,0.0,0.0,0.0,1.0,0.0,0.0,1.0,0.0,0.0,1,0
1,1,0,2,79.65,0,18.0,0,2,18.0,0.0,0.0,0.0,0.0,1.0,0.0,0.0,0.0,0.0,0.0,1.0,1,0
0,2,0,0,15.0,1,47.0,0,0,94.0,0.0,0.0,0.0,0.0,0.0,1.0,0.0,0.0,0.0,0.0,1.0,1,0
1,1,1,1,79.2,1,60.0,0,2,60.0,0.0,0.0,0.0,0.0,0.0,1.0,0.0,0.0,1.0,0.0,0.0,1,0
0,3,0,0,8.05,1,22.0,0,0,66.0,0.0,0.0,0.0,0.0,0.0,1.0,0.0,0.0,0.0,0.0,1.0,1,0
0,3,0,0,8.05,1,25.0,1,0,75.0,0.0,0.0,0.0,0.0,0.0,1.0,0.0,0.0,0.0,0.0,1.0,1,0
0,3,0,0,7.125,1,35.0,0,0,105.0,0.0,0.0,0.0,0.0,0.0,1.0,0.0,0.0,0.0,0.0,1.0,1,0
1,1,1,0,78.2667,0,52.0,0,1,52.0,0.0,0.0,0.0,0.0,0.0,0.0,1.0,0.0,1.0,0.0,0.0,1,0
0,3,0,0,7.25,1,47.0,0,0,141.0,0.0,0.0,0.0,0.0,0.0,1.0,0.0,0.0,0.0,0.0,1.0,1,0
0,3,0,2,7.75,0,21.5,1,2,64.5,0.0,0.0,0.0,0.0,1.0,0.0,0.0,0.0,0.0,1.0,0.0,1,1
0,2,1,0,26.0,1,37.0,0,1,74.0,0.0,0.0,0.0,0.0,0.0,1.0,0.0,0.0,0.0,0.0,1.0,1,0
0,3,1,1,24.15,1,36.0,0,2,108.0,0.0,0.0,0.0,0.0,0.0,1.0,0.0,0.0,0.0,0.0,1.0,1,0
1,2,0,0,33.0,0,28.0,1,0,56.0,0.0,0.0,0.0,0.0,1.0,0.0,0.0,0.0,0.0,0.0,1.0,1,0
0,3,0,0,0.0,1,49.0,0,0,147.0,0.0,0.0,0.0,0.0,0.0,1.0,0.0,0.0,0.0,0.0,1.0,1,0
0,3,0,0,7.225,1,25.0,1,0,75.0,0.0,0.0,0.0,0.0,0.0,1.0,0.0,0.0,1.0,0.0,0.0,1,0
1,1,1,0,56.9292,1,49.0,0,1,49.0,0.0,0.0,0.0,1.0,0.0,0.0,0.0,0.0,1.0,0.0,0.0,1,0
1,2,2,1,27.0,0,24.0,0,3,48.0,0.0,0.0,0.0,0.0,0.0,0.0,1.0,0.0,0.0,0.0,1.0,1,0
0,3,0,0,7.8958,1,25.0,1,0,75.0,0.0,0.0,0.0,0.0,0.0,1.0,0.0,0.0,0.0,0.0,1.0,1,0
0,1,0,0,42.4,1,40.0,1,0,40.0,0.0,0.0,0.0,0.0,0.0,1.0,0.0,0.0,0.0,0.0,1.0,1,0
0,3,0,0,8.05,1,44.0,0,0,132.0,0.0,0.0,0.0,0.0,0.0,1.0,0.0,0.0,0.0,0.0,1.0,1,0
1,1,0,0,26.55,1,35.0,0,0,35.0,0.0,0.0,0.0,0.0,0.0,1.0,0.0,0.0,1.0,0.0,0.0,1,0
0,3,1,0,15.55,1,36.0,0,1,108.0,0.0,0.0,0.0,0.0,0.0,1.0,0.0,0.0,0.0,0.0,1.0,1,0
0,3,0,0,7.8958,1,30.0,0,0,90.0,0.0,0.0,0.0,0.0,0.0,1.0,0.0,0.0,0.0,0.0,1.0,1,0
1,1,0,0,30.5,1,27.0,0,0,27.0,0.0,0.0,0.0,0.0,0.0,1.0,0.0,0.0,0.0,0.0,1.0,1,0
1,2,1,2,41.5792,0,22.0,0,3,44.0,0.0,0.0,0.0,0.0,0.0,0.0,1.0,0.0,1.0,0.0,0.0,1,0
1,1,0,0,153.4625,0,40.0,0,0,40.0,0.0,0.0,0.0,0.0,1.0,0.0,0.0,0.0,0.0,0.0,1.0,1,0
0,3,1,5,31.275,0,39.0,0,6,117.0,0.0,0.0,0.0,0.0,0.0,0.0,1.0,0.0,0.0,0.0,1.0,1,0
0,3,0,0,7.05,1,25.0,1,0,75.0,0.0,0.0,0.0,0.0,0.0,1.0,0.0,0.0,0.0,0.0,1.0,1,0
1,3,1,0,15.5,0,21.5,1,1,64.5,0.0,0.0,0.0,0.0,1.0,0.0,0.0,0.0,0.0,1.0,0.0,1,0
0,3,0,0,7.75,1,25.0,1,0,75.0,0.0,0.0,0.0,0.0,0.0,1.0,0.0,0.0,0.0,1.0,0.0,1,0
0,3,0,0,8.05,1,35.0,0,0,105.0,0.0,0.0,0.0,0.0,0.0,1.0,0.0,0.0,0.0,0.0,1.0,1,0
1,2,1,2,65.0,0,24.0,0,3,48.0,0.0,0.0,0.0,0.0,1.0,0.0,0.0,0.0,0.0,0.0,1.0,1,1
0,3,1,1,14.4,1,34.0,0,2,102.0,0.0,0.0,0.0,0.0,0.0,1.0,0.0,0.0,0.0,0.0,1.0,1,0
0,3,1,0,16.1,0,26.0,0,1,78.0,0.0,0.0,0.0,0.0,0.0,0.0,1.0,0.0,0.0,0.0,1.0,1,0
1,2,2,1,39.0,0,4.0,0,3,8.0,0.0,0.0,0.0,0.0,1.0,0.0,0.0,0.0,0.0,0.0,1.0,0,0
0,2,0,0,10.5,1,26.0,0,0,52.0,0.0,0.0,0.0,0.0,0.0,1.0,0.0,0.0,0.0,0.0,1.0,1,0
0,3,1,0,14.4542,1,27.0,0,1,81.0,0.0,0.0,0.0,0.0,0.0,1.0,0.0,0.0,1.0,0.0,0.0,1,0
1,1,1,0,52.5542,1,42.0,0,1,42.0,0.0,0.0,0.0,0.0,0.0,1.0,0.0,0.0,0.0,0.0,1.0,1,0
1,3,1,1,15.7417,1,20.0,0,2,60.0,0.0,0.0,0.0,0.0,0.0,1.0,0.0,0.0,1.0,0.0,0.0,1,0
0,3,0,0,7.8542,1,21.0,0,0,63.0,0.0,0.0,0.0,0.0,0.0,1.0,0.0,0.0,0.0,0.0,1.0,1,0
0,3,0,0,16.1,1,21.0,0,0,63.0,0.0,0.0,0.0,0.0,0.0,1.0,0.0,0.0,0.0,0.0,1.0,1,0
0,1,0,0,32.3208,1,61.0,0,0,61.0,0.0,0.0,0.0,0.0,0.0,1.0,0.0,0.0,0.0,0.0,1.0,1,0
0,2,0,0,12.35,1,57.0,0,0,114.0,0.0,0.0,0.0,0.0,0.0,0.0,0.0,1.0,0.0,1.0,0.0,1,0
1,1,0,0,77.9583,0,21.0,0,0,21.0,0.0,0.0,0.0,0.0,1.0,0.0,0.0,0.0,0.0,0.0,1.0,1,0
0,3,0,0,7.8958,1,26.0,0,0,78.0,0.0,0.0,0.0,0.0,0.0,1.0,0.0,0.0,0.0,0.0,1.0,1,0
0,3,0,0,7.7333,1,25.0,1,0,75.0,0.0,0.0,0.0,0.0,0.0,1.0,0.0,0.0,0.0,1.0,0.0,1,0
1,1,0,0,30.0,1,80.0,0,0,80.0,0.0,0.0,0.0,0.0,0.0,1.0,0.0,0.0,0.0,0.0,1.0,1,0
0,3,0,0,7.0542,1,51.0,0,0,153.0,0.0,0.0,0.0,0.0,0.0,1.0,0.0,0.0,0.0,0.0,1.0,1,0
1,1,0,0,30.5,1,32.0,0,0,32.0,0.0,1.0,0.0,0.0,0.0,0.0,0.0,0.0,1.0,0.0,0.0,1,0
0,1,0,0,0.0,1,40.0,1,0,40.0,0.0,0.0,0.0,0.0,0.0,1.0,0.0,0.0,0.0,0.0,1.0,1,0
0,3,3,2,27.9,0,9.0,0,5,27.0,0.0,0.0,0.0,0.0,1.0,0.0,0.0,0.0,0.0,0.0,1.0,0,0
1,2,0,0,13.0,0,28.0,0,0,56.0,0.0,0.0,0.0,0.0,1.0,0.0,0.0,0.0,0.0,0.0,1.0,1,0
0,3,0,0,7.925,1,32.0,0,0,96.0,0.0,0.0,0.0,0.0,0.0,1.0,0.0,0.0,0.0,0.0,1.0,1,0
0,2,1,1,26.25,1,31.0,0,2,62.0,0.0,0.0,0.0,0.0,0.0,1.0,0.0,0.0,0.0,0.0,1.0,1,0
0,3,0,5,39.6875,0,41.0,0,5,123.0,0.0,0.0,0.0,0.0,0.0,0.0,1.0,0.0,0.0,0.0,1.0,1,0
0,3,1,0,16.1,1,25.0,1,1,75.0,0.0,0.0,0.0,0.0,0.0,1.0,0.0,0.0,0.0,0.0,1.0,1,0
0,3,0,0,7.8542,1,20.0,0,0,60.0,0.0,0.0,0.0,0.0,0.0,1.0,0.0,0.0,0.0,0.0,1.0,1,0
1,1,0,0,69.3,0,24.0,0,0,24.0,0.0,0.0,1.0,0.0,0.0,0.0,0.0,0.0,1.0,0.0,0.0,1,0
0,3,3,2,27.9,0,2.0,0,5,6.0,0.0,0.0,0.0,0.0,1.0,0.0,0.0,0.0,0.0,0.0,1.0,0,0
1,3,0,0,56.4958,1,25.0,1,0,75.0,0.0,0.0,0.0,0.0,0.0,1.0,0.0,0.0,0.0,0.0,1.0,1,0
1,3,2,1,19.2583,0,0.75,0,3,2.25,0.0,0.0,0.0,0.0,1.0,0.0,0.0,0.0,1.0,0.0,0.0,0,0
1,1,1,0,76.7292,1,48.0,0,1,48.0,0.0,0.0,0.0,0.0,0.0,1.0,0.0,0.0,1.0,0.0,0.0,1,0
0,3,0,0,7.8958,1,19.0,0,0,57.0,0.0,0.0,0.0,0.0,0.0,1.0,0.0,0.0,0.0,0.0,1.0,1,0
1,1,0,0,35.5,1,56.0,0,0,56.0,1.0,0.0,0.0,0.0,0.0,0.0,0.0,0.0,1.0,0.0,0.0,1,0
0,3,0,0,7.55,1,25.0,1,0,75.0,0.0,0.0,0.0,0.0,0.0,1.0,0.0,0.0,0.0,0.0,1.0,1,0
1,3,0,0,7.55,0,23.0,0,0,69.0,0.0,0.0,0.0,0.0,1.0,0.0,0.0,0.0,0.0,0.0,1.0,1,0
0,3,0,0,7.8958,1,25.0,1,0,75.0,0.0,0.0,0.0,0.0,0.0,1.0,0.0,0.0,0.0,0.0,1.0,1,0
1,2,0,1,23.0,0,18.0,0,1,36.0,0.0,0.0,0.0,0.0,1.0,0.0,0.0,0.0,0.0,0.0,1.0,1,0
0,3,0,0,8.4333,1,21.0,0,0,63.0,0.0,0.0,0.0,0.0,0.0,1.0,0.0,0.0,0.0,0.0,1.0,1,0
1,3,0,0,7.8292,0,21.5,1,0,64.5,0.0,0.0,0.0,0.0,1.0,0.0,0.0,0.0,0.0,1.0,0.0,1,0
0,3,0,0,6.75,0,18.0,0,0,54.0,0.0,0.0,0.0,0.0,1.0,0.0,0.0,0.0,0.0,1.0,0.0,1,0
0,2,2,0,73.5,1,24.0,0,2,48.0,0.0,0.0,0.0,0.0,0.0,1.0,0.0,0.0,0.0,0.0,1.0,1,0
0,3,0,0,7.8958,1,25.0,1,0,75.0,0.0,0.0,0.0,0.0,0.0,1.0,0.0,0.0,0.0,0.0,1.0,1,0
0,3,1,1,15.5,0,32.0,0,2,96.0,0.0,0.0,0.0,0.0,0.0,0.0,1.0,0.0,0.0,1.0,0.0,1,0
0,2,0,0,13.0,1,23.0,0,0,46.0,0.0,0.0,0.0,0.0,0.0,1.0,0.0,0.0,0.0,0.0,1.0,1,0
0,1,0,2,113.275,1,58.0,0,2,58.0,0.0,0.0,0.0,0.0,0.0,1.0,0.0,0.0,1.0,0.0,0.0,1,0
1,1,2,0,133.65,1,50.0,0,2,50.0,0.0,1.0,0.0,0.0,0.0,0.0,0.0,0.0,0.0,0.0,1.0,1,0
0,3,0,0,7.225,1,40.0,0,0,120.0,0.0,0.0,0.0,0.0,0.0,1.0,0.0,0.0,1.0,0.0,0.0,1,0
0,1,0,0,25.5875,1,47.0,0,0,47.0,0.0,0.0,0.0,0.0,0.0,1.0,0.0,0.0,0.0,0.0,1.0,1,0
0,3,0,0,7.4958,1,36.0,0,0,108.0,0.0,0.0,0.0,0.0,0.0,1.0,0.0,0.0,0.0,0.0,1.0,1,0
1,3,1,0,7.925,1,20.0,0,1,60.0,0.0,0.0,0.0,0.0,0.0,1.0,0.0,0.0,0.0,0.0,1.0,1,0
0,2,2,0,73.5,1,32.0,0,2,64.0,0.0,0.0,0.0,0.0,0.0,1.0,0.0,0.0,0.0,0.0,1.0,1,0
0,2,0,0,13.0,1,25.0,0,0,50.0,0.0,0.0,0.0,0.0,0.0,1.0,0.0,0.0,0.0,0.0,1.0,1,0
0,3,0,0,7.775,1,25.0,1,0,75.0,0.0,0.0,0.0,0.0,0.0,1.0,0.0,0.0,0.0,0.0,1.0,1,0
0,3,0,0,8.05,1,43.0,0,0,129.0,0.0,0.0,0.0,0.0,0.0,1.0,0.0,0.0,0.0,0.0,1.0,1,0
1,1,1,0,52.0,0,35.0,1,1,35.0,0.0,0.0,0.0,0.0,0.0,0.0,1.0,0.0,0.0,0.0,1.0,1,0
1,2,1,1,39.0,0,40.0,0,2,80.0,0.0,0.0,0.0,0.0,0.0,0.0,1.0,0.0,0.0,0.0,1.0,1,0
0,1,1,0,52.0,1,31.0,0,1,31.0,0.0,0.0,0.0,0.0,0.0,1.0,0.0,0.0,0.0,0.0,1.0,1,0
0,2,0,0,10.5,1,70.0,0,0,140.0,0.0,0.0,0.0,0.0,0.0,1.0,0.0,0.0,0.0,0.0,1.0,1,0
1,2,0,0,13.0,1,31.0,0,0,62.0,0.0,0.0,0.0,0.0,0.0,1.0,0.0,0.0,0.0,0.0,1.0,1,0
0,2,0,0,0.0,1,30.0,1,0,60.0,0.0,0.0,0.0,0.0,0.0,1.0,0.0,0.0,0.0,0.0,1.0,1,0
0,3,0,0,7.775,1,18.0,0,0,54.0,0.0,0.0,0.0,0.0,0.0,1.0,0.0,0.0,0.0,0.0,1.0,1,0
0,3,0,0,8.05,1,24.5,0,0,73.5,0.0,0.0,0.0,0.0,0.0,1.0,0.0,0.0,0.0,0.0,1.0,1,0
1,3,0,0,9.8417,0,18.0,0,0,54.0,0.0,0.0,0.0,0.0,1.0,0.0,0.0,0.0,0.0,0.0,1.0,1,0
0,3,1,6,46.9,0,43.0,0,7,129.0,0.0,0.0,0.0,0.0,0.0,0.0,1.0,0.0,0.0,0.0,1.0,1,0
1,1,0,1,512.3292,1,36.0,0,1,36.0,0.0,0.0,0.0,0.0,0.0,1.0,0.0,0.0,1.0,0.0,0.0,1,0
0,3,0,0,8.1375,0,21.5,1,0,64.5,0.0,0.0,0.0,0.0,1.0,0.0,0.0,0.0,0.0,1.0,0.0,1,0
1,1,0,0,76.7292,1,27.0,0,0,27.0,0.0,0.0,0.0,0.0,0.0,1.0,0.0,0.0,1.0,0.0,0.0,1,0
0,3,0,0,9.225,1,20.0,0,0,60.0,0.0,0.0,0.0,0.0,0.0,1.0,0.0,0.0,0.0,0.0,1.0,1,0
0,3,5,2,46.9,1,14.0,0,7,42.0,0.0,0.0,0.0,0.0,0.0,1.0,0.0,0.0,0.0,0.0,1.0,0,0
0,2,1,1,39.0,1,60.0,0,2,120.0,0.0,0.0,0.0,0.0,0.0,1.0,0.0,0.0,0.0,0.0,1.0,1,0
0,2,1,2,41.5792,1,25.0,0,3,50.0,0.0,0.0,0.0,0.0,0.0,1.0,0.0,0.0,1.0,0.0,0.0,1,0
0,3,4,1,39.6875,1,14.0,0,5,42.0,0.0,0.0,0.0,0.0,0.0,1.0,0.0,0.0,0.0,0.0,1.0,0,0
0,3,0,0,10.1708,1,19.0,0,0,57.0,0.0,0.0,0.0,0.0,0.0,1.0,0.0,0.0,0.0,0.0,1.0,1,0
0,3,0,0,7.7958,1,18.0,0,0,54.0,0.0,0.0,0.0,0.0,0.0,1.0,0.0,0.0,0.0,0.0,1.0,1,0
1,1,0,1,211.3375,0,15.0,0,1,15.0,0.0,0.0,0.0,0.0,1.0,0.0,0.0,0.0,0.0,0.0,1.0,0,0
1,1,1,0,57.0,1,31.0,0,1,31.0,0.0,0.0,0.0,0.0,0.0,1.0,0.0,0.0,0.0,0.0,1.0,1,0
1,3,0,1,13.4167,0,4.0,0,1,12.0,0.0,0.0,0.0,0.0,1.0,0.0,0.0,0.0,1.0,0.0,0.0,0,0
1,3,0,0,56.4958,1,25.0,1,0,75.0,0.0,0.0,0.0,0.0,0.0,1.0,0.0,0.0,0.0,0.0,1.0,1,0
0,3,0,0,7.225,1,25.0,0,0,75.0,0.0,0.0,0.0,0.0,0.0,1.0,0.0,0.0,1.0,0.0,0.0,1,0
0,1,0,0,26.55,1,60.0,0,0,60.0,1.0,0.0,0.0,0.0,0.0,0.0,0.0,0.0,0.0,0.0,1.0,1,0
0,2,0,0,13.5,1,52.0,0,0,104.0,0.0,0.0,0.0,0.0,0.0,1.0,0.0,0.0,0.0,0.0,1.0,1,0
0,3,0,0,8.05,1,44.0,0,0,132.0,0.0,0.0,0.0,0.0,0.0,1.0,0.0,0.0,0.0,0.0,1.0,1,0
1,3,0,0,7.7333,0,21.5,1,0,64.5,0.0,0.0,0.0,0.0,1.0,0.0,0.0,0.0,0.0,1.0,0.0,1,0
0,1,1,1,110.8833,1,49.0,0,2,49.0,0.0,0.0,0.0,0.0,0.0,1.0,0.0,0.0,1.0,0.0,0.0,1,0
0,3,0,0,7.65,1,42.0,0,0,126.0,0.0,0.0,0.0,0.0,0.0,1.0,0.0,0.0,0.0,0.0,1.0,1,0
1,1,1,0,227.525,0,18.0,0,1,18.0,0.0,0.0,0.0,0.0,0.0,0.0,1.0,0.0,1.0,0.0,0.0,1,0
1,1,0,0,26.2875,1,35.0,0,0,35.0,0.0,0.0,0.0,0.0,0.0,1.0,0.0,0.0,0.0,0.0,1.0,1,0
0,3,0,1,14.4542,0,18.0,0,1,54.0,0.0,0.0,0.0,0.0,1.0,0.0,0.0,0.0,1.0,0.0,0.0,1,0
0,3,0,0,7.7417,1,25.0,0,0,75.0,0.0,0.0,0.0,0.0,0.0,1.0,0.0,0.0,0.0,1.0,0.0,1,0
0,3,1,0,7.8542,1,26.0,0,1,78.0,0.0,0.0,0.0,0.0,0.0,1.0,0.0,0.0,0.0,0.0,1.0,1,0
0,2,0,0,26.0,1,39.0,0,0,78.0,0.0,0.0,0.0,0.0,0.0,1.0,0.0,0.0,0.0,0.0,1.0,1,0
1,2,0,0,13.5,0,45.0,0,0,90.0,0.0,0.0,0.0,0.0,0.0,0.0,1.0,0.0,0.0,0.0,1.0,1,0
1,1,0,0,26.2875,1,42.0,0,0,42.0,0.0,0.0,0.0,0.0,0.0,1.0,0.0,0.0,0.0,0.0,1.0,1,0
1,1,0,0,151.55,0,22.0,0,0,22.0,0.0,0.0,0.0,0.0,1.0,0.0,0.0,0.0,0.0,0.0,1.0,1,0
1,3,1,1,15.2458,1,25.0,1,2,75.0,0.0,0.0,0.0,1.0,0.0,0.0,0.0,0.0,1.0,0.0,0.0,1,0
1,1,0,0,49.5042,0,24.0,0,0,24.0,0.0,0.0,1.0,0.0,0.0,0.0,0.0,0.0,1.0,0.0,0.0,1,0
0,1,0,0,26.55,1,40.0,1,0,40.0,0.0,0.0,0.0,0.0,0.0,1.0,0.0,0.0,0.0,0.0,1.0,1,0
1,1,1,0,52.0,1,48.0,0,1,48.0,0.0,0.0,0.0,0.0,0.0,1.0,0.0,0.0,0.0,0.0,1.0,1,0
0,3,0,0,9.4833,1,29.0,0,0,87.0,0.0,0.0,0.0,0.0,0.0,1.0,0.0,0.0,0.0,0.0,1.0,1,0
0,2,0,0,13.0,1,52.0,0,0,104.0,0.0,0.0,0.0,0.0,0.0,1.0,0.0,0.0,0.0,0.0,1.0,1,0
0,3,0,0,7.65,1,19.0,0,0,57.0,0.0,0.0,0.0,0.0,0.0,1.0,0.0,0.0,0.0,0.0,1.0,1,0
1,1,0,0,227.525,0,38.0,0,0,38.0,0.0,0.0,0.0,0.0,1.0,0.0,0.0,0.0,1.0,0.0,0.0,1,0
1,2,0,0,10.5,0,27.0,0,0,54.0,0.0,0.0,0.0,0.0,1.0,0.0,0.0,0.0,0.0,0.0,1.0,1,0
0,3,0,0,15.5,1,25.0,1,0,75.0,0.0,0.0,0.0,0.0,0.0,1.0,0.0,0.0,0.0,1.0,0.0,1,0
0,3,0,0,7.775,1,33.0,0,0,99.0,0.0,0.0,0.0,0.0,0.0,1.0,0.0,0.0,0.0,0.0,1.0,1,0
1,2,0,1,33.0,0,6.0,0,1,12.0,0.0,0.0,0.0,0.0,1.0,0.0,0.0,0.0,0.0,0.0,1.0,0,0
0,3,1,0,7.0542,1,17.0,0,1,51.0,0.0,0.0,0.0,0.0,0.0,1.0,0.0,0.0,0.0,0.0,1.0,0,0
0,2,0,0,13.0,1,34.0,0,0,68.0,0.0,0.0,0.0,0.0,0.0,1.0,0.0,0.0,0.0,0.0,1.0,1,0
0,2,0,0,13.0,1,50.0,0,0,100.0,0.0,0.0,0.0,0.0,0.0,1.0,0.0,0.0,0.0,0.0,1.0,1,0
1,1,1,0,53.1,1,27.0,0,1,27.0,0.0,0.0,0.0,0.0,0.0,1.0,0.0,0.0,0.0,0.0,1.0,1,0
0,3,0,0,8.6625,1,20.0,0,0,60.0,0.0,0.0,0.0,0.0,0.0,1.0,0.0,0.0,0.0,0.0,1.0,1,0
1,2,3,0,21.0,0,30.0,0,3,60.0,0.0,0.0,0.0,0.0,0.0,0.0,1.0,0.0,0.0,0.0,1.0,1,0
1,3,0,0,7.7375,0,21.5,1,0,64.5,0.0,0.0,0.0,0.0,1.0,0.0,0.0,0.0,0.0,1.0,0.0,1,0
0,2,1,0,26.0,1,25.0,0,1,50.0,0.0,0.0,0.0,0.0,0.0,1.0,0.0,0.0,0.0,0.0,1.0,1,0
0,3,1,0,7.925,0,25.0,0,1,75.0,0.0,0.0,0.0,0.0,1.0,0.0,0.0,0.0,0.0,0.0,1.0,1,0
1,1,0,0,211.3375,0,29.0,0,0,29.0,0.0,0.0,0.0,0.0,1.0,0.0,0.0,0.0,0.0,0.0,1.0,1,0
0,3,0,0,18.7875,1,11.0,0,0,33.0,0.0,0.0,0.0,0.0,0.0,1.0,0.0,0.0,1.0,0.0,0.0,0,0
0,2,0,0,0.0,1,30.0,1,0,60.0,0.0,0.0,0.0,0.0,0.0,1.0,0.0,0.0,0.0,0.0,1.0,1,0
0,2,0,0,13.0,1,23.0,0,0,46.0,0.0,0.0,0.0,0.0,0.0,1.0,0.0,0.0,0.0,0.0,1.0,1,0
0,2,0,0,13.0,1,23.0,0,0,46.0,0.0,0.0,0.0,0.0,0.0,1.0,0.0,0.0,0.0,0.0,1.0,1,0
0,3,0,0,16.1,1,28.5,0,0,85.5,0.0,0.0,0.0,0.0,0.0,1.0,0.0,0.0,0.0,0.0,1.0,1,0
0,3,1,3,34.375,0,48.0,0,4,144.0,0.0,0.0,0.0,0.0,0.0,0.0,1.0,0.0,0.0,0.0,1.0,1,0
1,1,0,0,512.3292,1,35.0,0,0,35.0,0.0,0.0,0.0,0.0,0.0,1.0,0.0,0.0,1.0,0.0,0.0,1,0
0,3,0,0,7.8958,1,25.0,1,0,75.0,0.0,0.0,0.0,0.0,0.0,1.0,0.0,0.0,0.0,0.0,1.0,1,0
0,3,0,0,7.8958,1,25.0,1,0,75.0,0.0,0.0,0.0,0.0,0.0,1.0,0.0,0.0,0.0,0.0,1.0,1,0
1,1,0,0,30.0,1,40.0,1,0,40.0,0.0,0.0,0.0,0.0,0.0,1.0,0.0,0.0,0.0,0.0,1.0,1,0
0,1,1,0,78.85,1,36.0,0,1,36.0,0.0,0.0,0.0,0.0,0.0,1.0,0.0,0.0,0.0,0.0,1.0,1,0
1,1,2,2,262.375,0,21.0,0,4,21.0,0.0,0.0,0.0,0.0,1.0,0.0,0.0,0.0,1.0,0.0,0.0,1,1
0,3,1,0,16.1,1,24.0,0,1,72.0,0.0,0.0,0.0,0.0,0.0,1.0,0.0,0.0,0.0,0.0,1.0,1,0
1,3,0,0,7.925,1,31.0,0,0,93.0,0.0,0.0,0.0,0.0,0.0,1.0,0.0,0.0,0.0,0.0,1.0,1,0
0,1,1,1,71.0,1,70.0,0,2,70.0,0.0,0.0,0.0,1.0,0.0,0.0,0.0,0.0,0.0,0.0,1.0,1,0
0,3,1,1,20.25,1,16.0,0,2,48.0,0.0,0.0,0.0,0.0,0.0,1.0,0.0,0.0,0.0,0.0,1.0,0,0
1,2,0,0,13.0,0,30.0,0,0,60.0,0.0,0.0,0.0,0.0,1.0,0.0,0.0,0.0,0.0,0.0,1.0,1,0
0,1,1,0,53.1,1,19.0,0,1,19.0,0.0,0.0,0.0,0.0,0.0,1.0,0.0,0.0,0.0,0.0,1.0,1,0
0,3,0,0,7.75,1,31.0,0,0,93.0,0.0,0.0,0.0,0.0,0.0,1.0,0.0,0.0,0.0,1.0,0.0,1,0
1,2,1,1,23.0,0,4.0,0,2,8.0,0.0,0.0,0.0,0.0,1.0,0.0,0.0,0.0,0.0,0.0,1.0,0,0
1,3,0,1,12.475,1,6.0,0,1,18.0,0.0,0.0,0.0,1.0,0.0,0.0,0.0,0.0,0.0,0.0,1.0,0,0
0,3,0,0,9.5,1,33.0,0,0,99.0,0.0,0.0,0.0,0.0,0.0,1.0,0.0,0.0,0.0,0.0,1.0,1,0
0,3,0,0,7.8958,1,23.0,0,0,69.0,0.0,0.0,0.0,0.0,0.0,1.0,0.0,0.0,0.0,0.0,1.0,1,0
1,2,1,2,65.0,0,48.0,0,3,96.0,0.0,0.0,0.0,0.0,0.0,0.0,1.0,0.0,0.0,0.0,1.0,1,0
1,2,1,1,14.5,1,0.67,0,2,1.34,0.0,0.0,0.0,1.0,0.0,0.0,0.0,0.0,0.0,0.0,1.0,0,0
0,3,0,0,7.7958,1,28.0,0,0,84.0,0.0,0.0,0.0,0.0,0.0,1.0,0.0,0.0,0.0,0.0,1.0,1,0
0,2,0,0,11.5,1,18.0,0,0,36.0,0.0,0.0,0.0,0.0,0.0,1.0,0.0,0.0,0.0,0.0,1.0,1,0
0,3,0,0,8.05,1,34.0,0,0,102.0,0.0,0.0,0.0,0.0,0.0,1.0,0.0,0.0,0.0,0.0,1.0,1,0
1,1,0,0,86.5,0,33.0,0,0,33.0,0.0,0.0,1.0,0.0,0.0,0.0,0.0,0.0,0.0,0.0,1.0,1,0
0,3,0,0,14.5,1,25.0,1,0,75.0,0.0,0.0,0.0,0.0,0.0,1.0,0.0,0.0,0.0,0.0,1.0,1,0
0,3,0,0,7.125,1,41.0,0,0,123.0,0.0,0.0,0.0,0.0,0.0,1.0,0.0,0.0,0.0,0.0,1.0,1,0
1,3,0,0,7.2292,1,20.0,0,0,60.0,0.0,0.0,0.0,0.0,0.0,1.0,0.0,0.0,1.0,0.0,0.0,1,0
1,1,1,2,120.0,0,36.0,0,3,36.0,0.0,0.0,0.0,0.0,0.0,0.0,1.0,0.0,0.0,0.0,1.0,1,0
0,3,0,0,7.775,1,16.0,0,0,48.0,0.0,0.0,0.0,0.0,0.0,1.0,0.0,0.0,0.0,0.0,1.0,0,0
1,1,1,0,77.9583,0,51.0,0,1,51.0,0.0,0.0,0.0,0.0,0.0,0.0,1.0,0.0,0.0,0.0,1.0,1,0
0,1,0,0,39.6,1,40.0,1,0,40.0,0.0,1.0,0.0,0.0,0.0,0.0,0.0,0.0,1.0,0.0,0.0,1,0
0,3,0,0,7.75,0,30.5,0,0,91.5,0.0,0.0,0.0,0.0,1.0,0.0,0.0,0.0,0.0,1.0,0.0,1,0
0,3,1,0,24.15,1,25.0,1,1,75.0,0.0,0.0,0.0,0.0,0.0,1.0,0.0,0.0,0.0,1.0,0.0,1,0
0,3,0,0,8.3625,1,32.0,0,0,96.0,0.0,0.0,0.0,0.0,0.0,1.0,0.0,0.0,0.0,0.0,1.0,1,0
0,3,0,0,9.5,1,24.0,0,0,72.0,0.0,0.0,0.0,0.0,0.0,1.0,0.0,0.0,0.0,0.0,1.0,1,0
0,3,0,0,7.8542,1,48.0,0,0,144.0,0.0,0.0,0.0,0.0,0.0,1.0,0.0,0.0,0.0,0.0,1.0,1,0
0,2,0,0,10.5,0,57.0,0,0,114.0,0.0,0.0,0.0,0.0,0.0,0.0,1.0,0.0,0.0,0.0,1.0,1,0
0,3,0,0,7.225,1,25.0,1,0,75.0,0.0,0.0,0.0,0.0,0.0,1.0,0.0,0.0,1.0,0.0,0.0,1,0
1,2,1,3,23.0,0,54.0,0,4,108.0,0.0,0.0,0.0,0.0,0.0,0.0,1.0,0.0,0.0,0.0,1.0,1,0
0,3,0,0,7.75,1,18.0,0,0,54.0,0.0,0.0,0.0,0.0,0.0,1.0,0.0,0.0,0.0,0.0,1.0,1,0
0,3,0,0,7.75,1,25.0,1,0,75.0,0.0,0.0,0.0,0.0,0.0,1.0,0.0,0.0,0.0,1.0,0.0,1,0
1,3,0,0,12.475,0,5.0,0,0,15.0,0.0,0.0,0.0,0.0,1.0,0.0,0.0,0.0,0.0,0.0,1.0,0,0
0,3,0,0,7.7375,1,25.0,1,0,75.0,0.0,0.0,0.0,0.0,0.0,1.0,0.0,0.0,0.0,1.0,0.0,1,0
1,1,0,1,211.3375,0,43.0,0,1,43.0,0.0,0.0,0.0,0.0,0.0,0.0,1.0,0.0,0.0,0.0,1.0,1,0
1,3,0,0,7.2292,0,13.0,0,0,39.0,0.0,0.0,0.0,0.0,1.0,0.0,0.0,0.0,1.0,0.0,0.0,0,0
1,1,1,0,57.0,0,17.0,0,1,17.0,0.0,0.0,0.0,0.0,0.0,0.0,1.0,0.0,0.0,0.0,1.0,0,0
0,1,0,0,30.0,1,29.0,0,0,29.0,0.0,0.0,0.0,0.0,0.0,1.0,0.0,0.0,0.0,0.0,1.0,1,0
0,3,1,2,23.45,1,25.0,1,3,75.0,0.0,0.0,0.0,0.0,0.0,1.0,0.0,0.0,0.0,0.0,1.0,1,0
0,3,0,0,7.05,1,25.0,0,0,75.0,0.0,0.0,0.0,0.0,0.0,1.0,0.0,0.0,0.0,0.0,1.0,1,0
0,3,0,0,7.25,1,25.0,0,0,75.0,0.0,0.0,0.0,0.0,0.0,1.0,0.0,0.0,0.0,0.0,1.0,1,0
1,3,0,0,7.4958,0,18.0,0,0,54.0,0.0,0.0,0.0,0.0,1.0,0.0,0.0,0.0,0.0,0.0,1.0,1,0
0,3,4,1,29.125,1,8.0,0,5,24.0,0.0,0.0,0.0,1.0,0.0,0.0,0.0,0.0,0.0,1.0,0.0,0,0
1,3,1,2,20.575,1,1.0,0,3,3.0,0.0,0.0,0.0,1.0,0.0,0.0,0.0,0.0,0.0,0.0,1.0,0,0
0,1,0,0,79.2,1,46.0,0,0,46.0,0.0,0.0,0.0,0.0,0.0,1.0,0.0,0.0,1.0,0.0,0.0,1,0
0,3,0,0,7.75,1,25.0,1,0,75.0,0.0,0.0,0.0,0.0,0.0,1.0,0.0,0.0,0.0,1.0,0.0,1,0
0,2,0,0,26.0,1,16.0,0,0,32.0,0.0,0.0,0.0,0.0,0.0,1.0,0.0,0.0,0.0,0.0,1.0,0,0
0,3,8,2,69.55,0,21.5,1,10,64.5,0.0,0.0,0.0,0.0,1.0,0.0,0.0,0.0,0.0,0.0,1.0,1,1
0,1,0,0,30.6958,1,40.0,1,0,40.0,0.0,0.0,0.0,0.0,0.0,1.0,0.0,0.0,1.0,0.0,0.0,1,0
0,3,0,0,7.8958,1,25.0,0,0,75.0,0.0,0.0,0.0,0.0,0.0,1.0,0.0,0.0,0.0,0.0,1.0,1,0
0,2,0,0,13.0,1,39.0,0,0,78.0,0.0,0.0,0.0,0.0,0.0,1.0,0.0,0.0,0.0,0.0,1.0,1,0
1,1,0,0,25.9292,0,49.0,0,0,49.0,0.0,1.0,0.0,0.0,0.0,0.0,0.0,0.0,0.0,0.0,1.0,1,0
1,3,0,0,8.6833,0,31.0,0,0,93.0,0.0,0.0,0.0,0.0,0.0,0.0,1.0,0.0,0.0,0.0,1.0,1,0
0,3,0,0,7.2292,1,30.0,0,0,90.0,0.0,0.0,0.0,0.0,0.0,1.0,0.0,0.0,1.0,0.0,0.0,1,0
0,3,1,1,24.15,0,30.0,0,2,90.0,0.0,0.0,0.0,0.0,0.0,0.0,1.0,0.0,0.0,0.0,1.0,1,0
0,2,0,0,13.0,1,34.0,0,0,68.0,0.0,0.0,0.0,0.0,0.0,1.0,0.0,0.0,0.0,0.0,1.0,1,0
1,2,1,1,26.25,0,31.0,0,2,62.0,0.0,0.0,0.0,0.0,0.0,0.0,1.0,0.0,0.0,0.0,1.0,1,0
1,1,1,2,120.0,1,11.0,0,3,11.0,0.0,0.0,0.0,1.0,0.0,0.0,0.0,0.0,0.0,0.0,1.0,0,0
1,3,0,1,8.5167,1,0.42,0,1,1.26,0.0,0.0,0.0,1.0,0.0,0.0,0.0,0.0,1.0,0.0,0.0,0,0
1,3,0,0,6.975,1,27.0,0,0,81.0,0.0,0.0,0.0,0.0,0.0,1.0,0.0,0.0,0.0,0.0,1.0,1,0
0,3,0,0,7.775,1,31.0,0,0,93.0,0.0,0.0,0.0,0.0,0.0,1.0,0.0,0.0,0.0,0.0,1.0,1,0
0,1,0,0,0.0,1,39.0,0,0,39.0,0.0,0.0,0.0,0.0,0.0,1.0,0.0,0.0,0.0,0.0,1.0,1,0
0,3,0,0,7.775,0,18.0,0,0,54.0,0.0,0.0,0.0,0.0,1.0,0.0,0.0,0.0,0.0,0.0,1.0,1,0
0,2,0,0,13.0,1,39.0,0,0,78.0,0.0,0.0,0.0,0.0,0.0,1.0,0.0,0.0,0.0,0.0,1.0,1,0
1,1,1,0,53.1,0,33.0,0,1,33.0,0.0,0.0,0.0,0.0,0.0,0.0,1.0,0.0,0.0,0.0,1.0,1,0
0,3,0,0,7.8875,1,26.0,0,0,78.0,0.0,0.0,0.0,0.0,0.0,1.0,0.0,0.0,0.0,0.0,1.0,1,0
0,3,0,0,24.15,1,39.0,0,0,117.0,0.0,0.0,0.0,0.0,0.0,1.0,0.0,0.0,0.0,0.0,1.0,1,0
0,2,0,0,10.5,1,35.0,0,0,70.0,0.0,0.0,0.0,0.0,0.0,1.0,0.0,0.0,0.0,0.0,1.0,1,0
0,3,4,2,31.275,0,6.0,0,6,18.0,0.0,0.0,0.0,0.0,1.0,0.0,0.0,0.0,0.0,0.0,1.0,0,0
0,3,0,0,8.05,1,30.5,0,0,91.5,0.0,0.0,0.0,0.0,0.0,1.0,0.0,0.0,0.0,0.0,1.0,1,0
0,1,0,0,0.0,1,40.0,1,0,40.0,0.0,0.0,0.0,0.0,0.0,1.0,0.0,0.0,0.0,0.0,1.0,1,0
0,3,0,0,7.925,0,23.0,0,0,69.0,0.0,0.0,0.0,0.0,1.0,0.0,0.0,0.0,0.0,0.0,1.0,1,0
0,2,1,1,37.0042,1,31.0,0,2,62.0,0.0,0.0,0.0,0.0,0.0,1.0,0.0,0.0,1.0,0.0,0.0,1,0
0,3,0,0,6.45,1,43.0,0,0,129.0,0.0,0.0,0.0,0.0,0.0,1.0,0.0,0.0,0.0,0.0,1.0,1,0
0,3,3,2,27.9,1,10.0,0,5,30.0,0.0,0.0,0.0,1.0,0.0,0.0,0.0,0.0,0.0,0.0,1.0,0,0
1,1,1,1,93.5,0,52.0,0,2,52.0,0.0,0.0,0.0,0.0,0.0,0.0,1.0,0.0,0.0,0.0,1.0,1,0
1,3,0,0,8.6625,1,27.0,0,0,81.0,0.0,0.0,0.0,0.0,0.0,1.0,0.0,0.0,0.0,0.0,1.0,1,0
0,1,0,0,0.0,1,38.0,0,0,38.0,0.0,0.0,1.0,0.0,0.0,0.0,0.0,0.0,0.0,0.0,1.0,1,0
1,3,0,1,12.475,0,27.0,0,1,81.0,0.0,0.0,0.0,0.0,0.0,0.0,1.0,0.0,0.0,0.0,1.0,1,0
0,3,4,1,39.6875,1,2.0,0,5,6.0,0.0,0.0,0.0,1.0,0.0,0.0,0.0,0.0,0.0,0.0,1.0,0,0
0,3,0,0,6.95,1,25.0,1,0,75.0,0.0,0.0,0.0,0.0,0.0,1.0,0.0,0.0,0.0,1.0,0.0,1,0
0,3,0,0,56.4958,1,25.0,1,0,75.0,0.0,0.0,0.0,0.0,0.0,1.0,0.0,0.0,0.0,0.0,1.0,1,0
1,2,0,2,37.0042,1,1.0,0,2,2.0,0.0,0.0,0.0,1.0,0.0,0.0,0.0,0.0,1.0,0.0,0.0,0,0
1,3,0,0,7.75,1,25.0,1,0,75.0,0.0,0.0,0.0,0.0,0.0,1.0,0.0,0.0,0.0,1.0,0.0,1,0
1,1,0,0,80.0,0,62.0,0,0,62.0,0.0,0.0,0.0,0.0,0.0,0.0,1.0,0.0,0.0,0.0,1.0,1,0
1,3,1,0,14.4542,0,15.0,0,1,45.0,0.0,0.0,0.0,0.0,0.0,0.0,1.0,0.0,1.0,0.0,0.0,0,0
1,2,1,1,18.75,1,0.83,0,2,1.66,0.0,0.0,0.0,1.0,0.0,0.0,0.0,0.0,0.0,0.0,1.0,0,0
0,3,0,0,7.2292,1,25.0,1,0,75.0,0.0,0.0,0.0,0.0,0.0,1.0,0.0,0.0,1.0,0.0,0.0,1,0
0,3,0,0,7.8542,1,23.0,0,0,69.0,0.0,0.0,0.0,0.0,0.0,1.0,0.0,0.0,0.0,0.0,1.0,1,0
0,3,0,0,8.3,1,18.0,0,0,54.0,0.0,0.0,0.0,0.0,0.0,1.0,0.0,0.0,0.0,0.0,1.0,1,0
1,1,1,1,83.1583,0,39.0,0,2,39.0,0.0,0.0,0.0,0.0,1.0,0.0,0.0,0.0,1.0,0.0,0.0,1,1
0,3,0,0,8.6625,1,21.0,0,0,63.0,0.0,0.0,0.0,0.0,0.0,1.0,0.0,0.0,0.0,0.0,1.0,1,0
0,3,0,0,8.05,1,25.0,1,0,75.0,0.0,0.0,0.0,0.0,0.0,1.0,0.0,0.0,0.0,0.0,1.0,1,0
1,3,0,0,56.4958,1,32.0,0,0,96.0,0.0,0.0,0.0,0.0,0.0,1.0,0.0,0.0,0.0,0.0,1.0,1,0
1,1,0,0,29.7,1,40.0,1,0,40.0,0.0,0.0,0.0,0.0,0.0,1.0,0.0,0.0,1.0,0.0,0.0,1,0
0,3,0,0,7.925,1,20.0,0,0,60.0,0.0,0.0,0.0,0.0,0.0,1.0,0.0,0.0,0.0,0.0,1.0,1,0
0,2,0,0,10.5,1,16.0,0,0,32.0,0.0,0.0,0.0,0.0,0.0,1.0,0.0,0.0,0.0,0.0,1.0,0,0
1,1,0,0,31.0,0,30.0,0,0,30.0,0.0,0.0,0.0,0.0,1.0,0.0,0.0,0.0,1.0,0.0,0.0,1,0
0,3,0,0,6.4375,1,34.5,0,0,103.5,0.0,0.0,0.0,0.0,0.0,1.0,0.0,0.0,1.0,0.0,0.0,1,0
0,3,0,0,8.6625,1,17.0,0,0,51.0,0.0,0.0,0.0,0.0,0.0,1.0,0.0,0.0,0.0,0.0,1.0,0,0
0,3,0,0,7.55,1,42.0,0,0,126.0,0.0,0.0,0.0,0.0,0.0,1.0,0.0,0.0,0.0,0.0,1.0,1,0
0,3,8,2,69.55,1,25.0,1,10,75.0,0.0,0.0,0.0,0.0,0.0,1.0,0.0,0.0,0.0,0.0,1.0,1,0
0,3,0,0,7.8958,1,35.0,0,0,105.0,0.0,0.0,0.0,0.0,0.0,1.0,0.0,0.0,1.0,0.0,0.0,1,0
0,2,0,1,33.0,1,28.0,0,1,56.0,0.0,0.0,0.0,0.0,0.0,0.0,0.0,1.0,0.0,0.0,1.0,1,0
1,1,1,0,89.1042,0,35.0,1,1,35.0,0.0,0.0,0.0,0.0,0.0,0.0,1.0,0.0,1.0,0.0,0.0,1,0
0,3,4,2,31.275,1,4.0,0,6,12.0,0.0,0.0,0.0,1.0,0.0,0.0,0.0,0.0,0.0,0.0,1.0,0,0
0,3,0,0,7.775,1,74.0,0,0,222.0,0.0,0.0,0.0,0.0,0.0,1.0,0.0,0.0,0.0,0.0,1.0,1,0
0,3,1,1,15.2458,0,9.0,0,2,27.0,0.0,0.0,0.0,0.0,1.0,0.0,0.0,0.0,1.0,0.0,0.0,0,0
1,1,0,1,39.4,0,16.0,0,1,16.0,0.0,0.0,0.0,0.0,1.0,0.0,0.0,0.0,0.0,0.0,1.0,0,0
0,2,1,0,26.0,0,44.0,0,1,88.0,0.0,0.0,0.0,0.0,0.0,0.0,1.0,0.0,0.0,0.0,1.0,1,0
1,3,0,1,9.35,0,18.0,0,1,54.0,0.0,0.0,0.0,0.0,0.0,0.0,1.0,0.0,0.0,0.0,1.0,1,0
1,1,1,1,164.8667,0,45.0,0,2,45.0,0.0,0.0,0.0,0.0,0.0,0.0,1.0,0.0,0.0,0.0,1.0,1,0
1,1,0,0,26.55,1,51.0,0,0,51.0,0.0,0.0,0.0,0.0,0.0,1.0,0.0,0.0,0.0,0.0,1.0,1,0
1,3,0,3,19.2583,0,24.0,0,3,72.0,0.0,0.0,0.0,0.0,0.0,0.0,1.0,0.0,1.0,0.0,0.0,1,0
0,3,0,0,7.2292,1,25.0,1,0,75.0,0.0,0.0,0.0,0.0,0.0,1.0,0.0,0.0,1.0,0.0,0.0,1,0
0,3,2,0,14.1083,1,41.0,0,2,123.0,0.0,0.0,0.0,0.0,0.0,1.0,0.0,0.0,0.0,0.0,1.0,1,0
0,2,1,0,11.5,1,21.0,0,1,42.0,0.0,0.0,0.0,0.0,0.0,1.0,0.0,0.0,0.0,0.0,1.0,1,0
1,1,0,0,25.9292,0,48.0,0,0,48.0,0.0,0.0,0.0,0.0,0.0,0.0,1.0,0.0,0.0,0.0,1.0,1,0
0,3,8,2,69.55,0,21.5,1,10,64.5,0.0,0.0,0.0,0.0,1.0,0.0,0.0,0.0,0.0,0.0,1.0,1,1
0,2,0,0,13.0,1,24.0,0,0,48.0,0.0,0.0,0.0,0.0,0.0,1.0,0.0,0.0,0.0,0.0,1.0,1,0
1,2,0,0,13.0,0,42.0,0,0,84.0,0.0,0.0,0.0,0.0,0.0,0.0,1.0,0.0,0.0,0.0,1.0,1,0
1,2,1,0,13.8583,0,27.0,0,1,54.0,0.0,0.0,0.0,0.0,1.0,0.0,0.0,0.0,1.0,0.0,0.0,1,0
0,1,0,0,50.4958,1,31.0,0,0,31.0,0.0,0.0,0.0,0.0,0.0,1.0,0.0,0.0,0.0,0.0,1.0,1,0
0,3,0,0,9.5,1,25.0,1,0,75.0,0.0,0.0,0.0,0.0,0.0,1.0,0.0,0.0,0.0,0.0,1.0,1,0
1,3,1,1,11.1333,1,4.0,0,2,12.0,0.0,0.0,0.0,1.0,0.0,0.0,0.0,0.0,0.0,0.0,1.0,0,0
0,3,0,0,7.8958,1,26.0,0,0,78.0,0.0,0.0,0.0,0.0,0.0,1.0,0.0,0.0,0.0,0.0,1.0,1,0
1,1,1,1,52.5542,0,47.0,0,2,47.0,0.0,0.0,0.0,0.0,0.0,0.0,1.0,0.0,0.0,0.0,1.0,1,0
0,1,0,0,5.0,1,33.0,0,0,33.0,0.0,0.0,0.0,0.0,0.0,1.0,0.0,0.0,0.0,0.0,1.0,1,0
0,3,0,0,9.0,1,47.0,0,0,141.0,0.0,0.0,0.0,0.0,0.0,1.0,0.0,0.0,0.0,0.0,1.0,1,0
1,2,1,0,24.0,0,28.0,0,1,56.0,0.0,0.0,0.0,0.0,0.0,0.0,1.0,0.0,1.0,0.0,0.0,1,0
1,3,0,0,7.225,0,15.0,0,0,45.0,0.0,0.0,0.0,0.0,1.0,0.0,0.0,0.0,1.0,0.0,0.0,0,0
0,3,0,0,9.8458,1,20.0,0,0,60.0,0.0,0.0,0.0,0.0,0.0,1.0,0.0,0.0,0.0,0.0,1.0,1,0
0,3,0,0,7.8958,1,19.0,0,0,57.0,0.0,0.0,0.0,0.0,0.0,1.0,0.0,0.0,0.0,0.0,1.0,1,0
0,3,0,0,7.8958,1,25.0,1,0,75.0,0.0,0.0,0.0,0.0,0.0,1.0,0.0,0.0,0.0,0.0,1.0,1,0
1,1,0,1,83.1583,0,56.0,0,1,56.0,0.0,0.0,0.0,0.0,0.0,0.0,1.0,0.0,1.0,0.0,0.0,1,0
1,2,0,1,26.0,0,25.0,0,1,50.0,0.0,0.0,0.0,0.0,0.0,0.0,1.0,0.0,0.0,0.0,1.0,1,0
0,3,0,0,7.8958,1,33.0,0,0,99.0,0.0,0.0,0.0,0.0,0.0,1.0,0.0,0.0,0.0,0.0,1.0,1,0
0,3,0,0,10.5167,0,22.0,0,0,66.0,0.0,0.0,0.0,0.0,1.0,0.0,0.0,0.0,0.0,0.0,1.0,1,0
0,2,0,0,10.5,1,28.0,0,0,56.0,0.0,0.0,0.0,0.0,0.0,1.0,0.0,0.0,0.0,0.0,1.0,1,0
0,3,0,0,7.05,1,25.0,0,0,75.0,0.0,0.0,0.0,0.0,0.0,1.0,0.0,0.0,0.0,0.0,1.0,1,0
0,3,0,5,29.125,0,39.0,0,5,117.0,0.0,0.0,0.0,0.0,0.0,0.0,1.0,0.0,0.0,1.0,0.0,1,0
0,2,0,0,13.0,1,27.0,0,0,54.0,0.0,0.0,0.0,0.0,0.0,0.0,0.0,1.0,0.0,0.0,1.0,1,0
1,1,0,0,30.0,0,19.0,0,0,19.0,0.0,0.0,0.0,0.0,1.0,0.0,0.0,0.0,0.0,0.0,1.0,1,0
0,3,1,2,23.45,0,21.5,1,3,64.5,0.0,0.0,0.0,0.0,1.0,0.0,0.0,0.0,0.0,0.0,1.0,1,1
1,1,0,0,30.0,1,26.0,0,0,26.0,0.0,0.0,0.0,0.0,0.0,1.0,0.0,0.0,1.0,0.0,0.0,1,0
0,3,0,0,7.75,1,32.0,0,0,96.0,0.0,0.0,0.0,0.0,0.0,1.0,0.0,0.0,0.0,1.0,0.0,1,0
